-- phpMyAdmin SQL Dump
-- version 4.9.4
-- https://www.phpmyadmin.net/
--
-- Host: localhost:3306
-- Tempo de geração: 13/07/2020 às 14:50
-- Versão do servidor: 5.6.47
-- Versão do PHP: 7.3.6

SET SQL_MODE = "NO_AUTO_VALUE_ON_ZERO";
SET AUTOCOMMIT = 0;
START TRANSACTION;
SET time_zone = "+00:00";


/*!40101 SET @OLD_CHARACTER_SET_CLIENT=@@CHARACTER_SET_CLIENT */;
/*!40101 SET @OLD_CHARACTER_SET_RESULTS=@@CHARACTER_SET_RESULTS */;
/*!40101 SET @OLD_COLLATION_CONNECTION=@@COLLATION_CONNECTION */;
/*!40101 SET NAMES utf8mb4 */;

--
-- Banco de dados: `intecoc_camaracoxim`
--

-- --------------------------------------------------------

--
-- Estrutura para tabela `config`
--

CREATE TABLE `config` (
  `id` int(11) NOT NULL,
  `site_title` varchar(100) NOT NULL,
  `banner` varchar(100) DEFAULT NULL,
  `logo` varchar(100) DEFAULT NULL,
  `portal_transparencia` varchar(100) DEFAULT NULL,
  `e_sic` varchar(100) DEFAULT NULL,
  `horario_atendimento` varchar(100) DEFAULT NULL,
  `endereco_rua` varchar(100) DEFAULT NULL,
  `endereco_bairro` varchar(100) DEFAULT NULL,
  `endereco_cep` varchar(100) DEFAULT NULL,
  `endereco_cidade` varchar(100) DEFAULT NULL,
  `endereco_estado` varchar(100) DEFAULT NULL,
  `telefone` varchar(100) DEFAULT NULL
) ENGINE=InnoDB DEFAULT CHARSET=utf8;

--
-- Despejando dados para a tabela `config`
--

INSERT INTO `config` (`id`, `site_title`, `banner`, `logo`, `portal_transparencia`, `e_sic`, `horario_atendimento`, `endereco_rua`, `endereco_bairro`, `endereco_cep`, `endereco_cidade`, `endereco_estado`, `telefone`) VALUES
(1, 'Câmara Municipal de Coxim', 'b6ca569fbd7013d5985cb01e87a32f5b.png', '2ff9065486227f88eadb3e4fa144a2d6.jpg', 'http://s2.asp.srv.br/etransparencia.cm.coxim.ms/servlet/portal', 'http://s4.asp.srv.br:8380/einformacoes.cm.coxim.ms/servlet/einformacoes', '07:00h as 13:00h', 'Rua João Pessoa, 130', 'Centro', '79400-000', 'Coxim', 'MS', '(67) 3291-1539');

-- --------------------------------------------------------

--
-- Estrutura para tabela `evento`
--

CREATE TABLE `evento` (
  `id` int(11) NOT NULL,
  `nome` varchar(200) NOT NULL,
  `descricao` text NOT NULL,
  `data` date NOT NULL,
  `local` varchar(100) NOT NULL,
  `capa` varchar(100) DEFAULT NULL,
  `id_usuario_insercao` int(11) NOT NULL
) ENGINE=InnoDB DEFAULT CHARSET=utf8;

--
-- Despejando dados para a tabela `evento`
--

INSERT INTO `evento` (`id`, `nome`, `descricao`, `data`, `local`, `capa`, `id_usuario_insercao`) VALUES
(7, 'Posse', '<p>Evento de Posse.</p><p>Fonte: Eduardo Bampi</p>', '2017-01-01', 'Câmara Municipal', '888bd08a02fb4e82336f12de59bb4aa3.jpg', 1),
(8, 'Título de Cidadão Coxinense', '<p>\r\n\r\nComo tradição, a Câmara Municipal de Coxim realizou neste sábado (11.04), a sessão solene de entrega de Título de Cidadão Coxinense.&nbsp;</p><p>O evento faz parte das comemorações do aniversário do município. No total, 13 pessoas receberam a honraria.\r\n\r\n<br></p>', '2015-04-13', 'Câmara Municipal', 'fa0e54d4939a1e6f837391ff6f1868bf.jpg', 6);

-- --------------------------------------------------------

--
-- Estrutura para tabela `evento_imgs`
--

CREATE TABLE `evento_imgs` (
  `id` int(11) NOT NULL,
  `id_evento` int(11) NOT NULL,
  `imagem` varchar(200) NOT NULL
) ENGINE=InnoDB DEFAULT CHARSET=utf8;

--
-- Despejando dados para a tabela `evento_imgs`
--

INSERT INTO `evento_imgs` (`id`, `id_evento`, `imagem`) VALUES
(66, 7, 'd0af5ae6e4308ec3b01098f8db6c5e5e.jpg'),
(67, 7, '2f7d73b8cf83b59f3c8b101c85cdabf6.jpg'),
(68, 7, '8346a30c964bed8bf18fc13566f91d43.jpg'),
(69, 8, 'd828732f36b6e740a791678b751a9b7c.jpg'),
(70, 8, '8c2f8d4957ec4d3607da22218f164cdb.jpg'),
(71, 8, 'e52f72ebcf506ae03a3f03616d484904.jpg'),
(72, 8, '266d9943b8d3e2079a0b6a43e316421b.jpg'),
(73, 8, 'e5a46e48477e4df25907a718ceeafe00.jpg'),
(74, 8, 'a931b63d690677edc523f9b60528c468.jpg'),
(75, 8, 'bd1fbd1207a18d88dc34f5c7921d05e6.jpg'),
(76, 8, 'c5f1edc4d10041ce1e79302e1b7a170d.jpg'),
(77, 8, '7cbf8f7e3254cf451529b15b02cf6380.jpg'),
(78, 8, '421cf7029ad9f321a4609e439f16c574.jpg'),
(79, 8, '20ccb7071b82e086ae6ddb0c403746ef.jpg'),
(80, 8, '7d0da8c3010238adb8d925a1817d2014.jpg'),
(81, 8, '97e269595686fec3202c5edad21036a0.jpg'),
(82, 8, 'de34239d6f367f8bad0d0dd3945bd738.jpg');

-- --------------------------------------------------------

--
-- Estrutura para tabela `noticia`
--

CREATE TABLE `noticia` (
  `id` int(11) NOT NULL,
  `titulo` varchar(300) NOT NULL,
  `subtitulo` varchar(400) NOT NULL,
  `data_noticia` date NOT NULL,
  `capa` varchar(200) DEFAULT NULL,
  `capa_largura` int(11) DEFAULT NULL,
  `capa_altura` int(11) DEFAULT NULL,
  `creditos_capa` varchar(200) DEFAULT NULL,
  `posicao_capa` int(11) DEFAULT NULL COMMENT '0 - cima, 1 - baixo, 2 - esquerda, 3 - direita',
  `texto` text NOT NULL,
  `id_noticia_categoria` int(11) NOT NULL,
  `id_usuario_criou` int(11) NOT NULL,
  `data_usuario_criou` datetime NOT NULL,
  `id_usuario_editou` int(11) DEFAULT NULL,
  `data_usuario_editou` datetime DEFAULT NULL,
  `destaque_slider` int(11) NOT NULL COMMENT '0 - não, 1 - sim',
  `status` int(11) NOT NULL DEFAULT '0' COMMENT '0 - inativo, 1 - ativo'
) ENGINE=InnoDB DEFAULT CHARSET=utf8;

--
-- Despejando dados para a tabela `noticia`
--

INSERT INTO `noticia` (`id`, `titulo`, `subtitulo`, `data_noticia`, `capa`, `capa_largura`, `capa_altura`, `creditos_capa`, `posicao_capa`, `texto`, `id_noticia_categoria`, `id_usuario_criou`, `data_usuario_criou`, `id_usuario_editou`, `data_usuario_editou`, `destaque_slider`, `status`) VALUES
(1, 'Trabalho em prol das crianças é realizado com sucesso em Coxim, aponta ex-coordenador do Proerd', 'Marcada por homenagens a ex-instrutores, ex-comandantes e parceiros do Proerd, a Sessão Solene em comemoração aos 10 anos do programa em Coxim reuniu centenas de pessoas no plenário da Câmara Municipal na última terça-feira (5)', '2019-11-07', '723d1d058afb45b5931622757faaf88f.jpg', 800, 514, 'FONTE: ASSESSORIA CMC', 2, '<p>\r\n\r\n</p><p>Marcada por homenagens a ex-instrutores, ex-comandantes e parceiros do Proerd, a Sessão Solene em comemoração aos 10 anos do programa em Coxim reuniu centenas de pessoas no plenário da Câmara Municipal na última terça-feira (5). Além das moções de congratulação entregues aos homenageados, a noite contou com apresentações culturais e depoimentos emocionantes de quem trabalha ou trabalhou no projeto. Ao longo de 10 anos, o Proerd formou cerca de 10 mil alunos em Coxim.</p><p><br></p><p>Participaram do evento, entre outros, o comandante geral da Polícia Militar de Mato Grosso do Sul, Waldir Ribeiro Acosta, o comandante do 5º BPM, Major Luiz César Herculano, o Tenente-Coronel José Giron, a secretária municipal de Educação, Raquel Singh, e o prefeito Aluizio São José.</p><p><br></p><p>Um dos homenageados da noite, o ex-coordenador estadual do Proerd, Coronel Oscar Rodrigues, disse que o objetivo do programa está sendo cumprido em Coxim, uma vez que a união entre a Polícia Militar e a comunidade é visível no município, onde o trabalho em prol das crianças é realizado com sucesso há uma década. Ele também agradeceu aos órgãos municipais pelo apoio e destacou a importância dessa parceria, lembrando que o programa não representa um gasto, mas um investimento no futuro das crianças.</p><p><br></p><p>Já o comandante do 5º BPM, Major Luiz César Herculano, frisou que a Polícia Militar acredita que o melhor remédio contra as drogas é a prevenção. Ele afirmou que está feliz com o resultado do programa na região Norte e agradeceu aos profissionais envolvidos, em especial aos Cabos Célio Roberto da Silva e Joyce de Lima Barreto, e a soldado Driele Dias.</p><p><br></p><p>No município, o Proerd é desenvolvido em parceria com o Ministério Público de Mato Grosso do Sul, prefeitura e câmara municipal. O objetivo do programa, criado pela polícia de Los Angeles (EUA), é possibilitar o envolvimento da escola, da família e da Polícia Militar na questão do uso indevido de drogas e da violência pelas crianças e adolescentes. O programa foi implantado em Mato Grosso do Sul no ano de 1997, chegando a Coxim em 2009.</p><p><br></p><p>&nbsp;</p>Confira a lista dos homenageados:<br>&nbsp;<p><strong><br></strong></p><p><strong>COMANDANTES</strong></p><p>CORONEL WALDIR RIBEIRO ACOSTA (ATUAL)</p><p>CORONEL CLAUDEMIR ROBERTO MORANDO BASTOS (05/2011 A 04/2014)</p><p>CORONEL ADÃO ROSA DOS SANTOS GOMES (04/2014 A 4/2016)</p><p>CORONEL MARCIO AVALOS CABANHA (04/2016 A FEV 2018)</p><p>MAJOR LUIZ CÉSAR DE SOUZA HERCULANO (ATUAL)</p><p><strong><br></strong></p><p><strong>COORDENADORES DO PROERD</strong></p><p>CORONEL OSCAR RODRIGUÊZ</p><p>CORONEL THONNY AUDRY LIMA ZERLOTTI</p><p><strong><br></strong></p><p><strong>PEDAGOGA PROERD</strong></p><p>ORLANDA ALMIRÃO NANTES</p><p><strong><br></strong></p><p><strong>INSTRUTORES</strong></p><p>CABO JOYCE DE LIMA BARRETO (2009)</p><p>CABO MARCELO SANCHES URQUIZA (2012)</p><p>SARGENTO ROBISON LIMA DA CRUZ (2014)</p><p>SOLDADO GIOVANA RUCAGLIA RIZZO (2016)</p><p>SOLDADO ANDERSON MARQUES DOS SANTOS (2016 -2017)</p><p><strong><br></strong></p><p><strong>CIVIS</strong></p><p>PROMOTORA DANIELLA COSTA DA SILVA</p><p>MANOEL JOSÉ SIQUEIRA</p><p>GERSON PRAZERES SANTOS</p><p>OSWALDO MOCHI JUNIOR</p><p>ROBERTA DELAGNOLLI KOHL</p><p>BRUNO OLIVEIRA DE ALENCAR</p><p><strong><br></strong></p><p><strong>PREFEITOS</strong></p><p>DINALVA GARCIA LEMOS DE MORAES MOURÃO</p><p>ALUIZIO COMEDIKT SÃO JOSÉ</p><p><strong><br></strong></p><p><strong>SECRETÁRIOS DE EDUCAÇÃO</strong></p><p>SIMONE BEATRIZ GONÇALVES</p><p>RAQUEL SINGH</p><p><br></p><p>\r\n\r\n<strong><a target=\"_blank\" rel=\"nofollow\" href=\"https://www.facebook.com/pg/camaradecoxim/photos/?tab=album&amp;album_id=2488393964741574&amp;__xts__%5B0%5D=68.ARCT1RBJZpohCh6q5ncOO4ywZyyD_PxdMN_c0tWqB-_LiHMnl8lzr5-ASoDhS4OwPn3bUwpGSKnJeBjMfMjCHFVCYqaiZ7N1yoLiZaYwns13B4wHHA9ilAD9RSP32IXSQ8-Ev36WeG734H3Ygk-ET9e9igqAjE3naXcTwKwjpenuShmJMum7sMykNzPTzAdg7HbbLxuFvU3eA3hKXF0DYKrWnUZqmHD_t174TFvyzwWKtYjWlzijVLjtyrX2INnsedWJuX6TOOXZsDqWDtcI2bozj-mDZKokIlC-YYs_2X2qhjJenIkKBxfp7vsxT2x79c_F5aMErTaQv89Bkhc2UrLq_lfi1rYkT_n0k-fzFkrQWEi4TffV1nkqLXlq0-tNGUe_Fs0_RwLR4EGp8aVL0IqsJvwnS5Q-wA1QEyR3RUd6xWIHl9_un5znwhBUlEudZlmchYmlSkd7Lcg_iSAVsfj2IA&amp;__tn__=-UC-R\">CLIQUE AQUI</a>&nbsp;</strong>e veja as fotos da Sessão Solene em nossa página no facebook.\r\n\r\n<br></p><p></p>', 7, 1, '2019-11-12 07:35:39', 6, '2019-11-13 13:55:11', 1, 1),
(2, 'Câmara inova e realiza primeiro pregão ao vivo da administração pública em Coxim', 'A Câmara Municipal de Coxim foi o primeiro órgão municipal a realizar processo licitatório ao vivo, por meio da internet, cumprindo a Lei nº 1.814, de 5 de dezembro de 2018', '2019-11-04', 'd757dbc40dc8fc813c52dd1f992823d6.jpg', 800, 461, 'FONTE: ASSESSORIA CMC', 3, '<p>\r\n\r\n</p><p>A Câmara Municipal de Coxim foi o primeiro órgão municipal a realizar processo licitatório ao vivo, por meio da internet, cumprindo a Lei nº 1.814, de 5 de dezembro de 2018, que dispõe sobre a gravação em áudio e vídeo dos processos licitatórios e sua transmissão ao vivo. O pregão que celebrou o contrato com empresa de manutenção de rede, computadores e impressoras por 12 meses foi realizado na manhã desta segunda-feira (4).</p><p><br></p><p>O texto da Lei, que entrou em vigor em abril deste ano, diz que a gravação abrangerá os procedimentos de abertura dos envelopes contendo a documentação relativa à habilitação dos concorrentes, de verificação da conformidade de cada proposta com os requisitos do edital e de julgamento e classificação das propostas de acordo com os critérios de avaliação constantes no edital.</p><p><br></p><p>Confira a transmissão realizada ao vivo no Facebook clicando <a target=\"_blank\" rel=\"nofollow\" href=\"https://www.facebook.com/camaradecoxim/videos/2473753172881874/\">AQUI</a>.</p>\r\n\r\n<br><p></p>', 8, 1, '2019-11-12 07:39:52', 6, '2019-11-13 14:06:25', 1, 1),
(4, 'Reestruturação e ampliação da UEMS levará em conta demandas da comunidade acadêmica', '', '2019-10-30', '266232e678f1c3b2aa83ca8821918c5f.jpg', 800, 600, 'FONTE: ASSESSORIA CMC', 3, '<p>\r\n\r\n</p><p>Durante a audiência pública \"Reestruturação e Novos Cursos para a UEMS de Coxim\", realizada na segunda-feira (28), o novo reitor da UEMS (Universidade Estadual de Mato Grosso do Sul), Laércio Alves de Carvalho, afirmou que, de 15 emendas estaduais, a bancada federal escolheu a UEMS para receber um aporte de R$ 10 milhões (emenda impositiva) - recursos que serão utilizados na reestruturação das unidades da instituição e possibilitará a ampliação dos cursos ofertados.<br></p><p><br></p><p>A mesa da audiência pública foi presidida pelo presidente da Câmara Municipal, Vladimir Ferreira, e composta pelo reitor da UEMS, Laércio Alves de Carvalho, pelo prefeito de Coxim, Aluizio São José, pelo deputado federal Vander Loubet, pelo representante da SEGOV, Thaner Castro Nogueira, e pela secretária Municipal de Educação, Raquel Singh. Fizeram parte da bancada o vice-prefeito de Coxim, Edvaldo Bezerra, e os vereadores Edmir Cândido, Lucimar Barbosa (Careca), Adelson Januncio, Abilio Vaneli, Lucia da AAVC, Dinalva Mourão, Mecias Alves, Vilmar Vendrúscolo e Amoacir Alexandre (Kelé).</p><p><br></p><p>Em sua fala, Laércio Alves de Carvalho lembrou que a estrutura física da UEMS em Coxim oferece dois cursos de graduação, sendo eles Biologia e Gestão Ambiental, e que apesar da importância dos mesmos, é preciso investir no futuro da universidade, promovendo uma renovação na grade de ensino. O formato atual dos cursos, conforme o reitor da instituição, não está tendo a demanda esperada e não está promovendo todo o potencial que a área da Biologia possui.</p><p><br></p><p>A decisão da diretoria da UEMS, em conjunto com unidade local, foi a suspensão temporária da oferta de tais cursos para que a sociedade repense suas demandas e, no próximo ano, apresente ao conselho da universidade quais opções deseja na grade de ensino, independente da área. A intenção da nova gestão da universidade é que os cursos sejam abertos com a participação da sociedade, beneficiando cada região.</p><p><br></p><p>Laércio disse que atualmente a UEMS está passando por três processos, sendo eles reestruturação, captação de recursos - por meio de emendas individuais - e ampliação. Para isso, ele afirmou que todas as unidades serão transformadas em polos de educação a distância - EAD. Com a emenda de bancada, a universidade vai adquirir os recursos tecnológicos necessários para a abertura de vários cursos de ensino a distância em Coxim.</p><p><br></p><p>O reitor da UEMS frisou que pelo menos um ou dois cursos relacionados a área ambiental deverão ser ofertados, uma vez que Coxim conta com profissionais nessa área e a região tem potencial turístico e econômico, além da preocupação com o meio ambiente.</p><p><br></p><p>O presidente da Câmara de Vereadores, Vladimir Ferreira, destacou que a UEMS é um patrimônio de Coxim, sendo a primeira Universidade Pública instalada no município. Com muito trabalho ao longo dos anos, tornou-se polo de ensino na região Norte. Cumpriu e cumpre, desde 1994, papel importante no desenvolvimento educacional de Coxim, formando diversos profissionais na área da Educação.</p><p><br></p><p>Vladimir acredita que a UEMS pode contribuir ainda mais para o desenvolvimento da cidade, mas é preciso repensar e aperfeiçoar a universidade, ampliando a oferta de cursos e contribuindo para a permanência dos universitários em Coxim. Para isso, ele solicitou ao deputado Vander que destine recursos para garantir a bolsa de auxílio moradia aos estudantes, pelo menos na fase de adaptação (seis primeiros meses a um ano).</p><p><br></p><p>O prefeito de Coxim, Aluizio São José, disse que a Prefeitura está à disposição para contribuir no processo, inclusive no que se refere à contratação de uma empresa para a realização de pesquisa que deverá ouvir a população, a classe dos professores da universidade e os estudantes.</p>\r\n\r\n<br><p></p>', 9, 1, '2019-11-12 07:43:54', 6, '2019-11-13 13:43:18', 1, 1),
(5, 'Vereadores pleiteiam recursos e garantem 13º salário dos funcionários do Hospital Regional', '', '2019-10-29', 'c6ef70d646cb9857a3931bd1ca0fef3c.jpg', 800, 600, 'Foto: Assessoria', 3, '<p>\r\n\r\n</p><p>Os vereadores de Coxim participaram ontem (28) da entrega simbólica de R$ 770 mil em recursos que serão destinados exclusivamente ao pagamento do 13? salário dos funcionários do Hospital Regional. A verba foi pleiteada pelos vereadores Vladimir Ferreira e Abilio Vaneli - com o respaldo de toda a Câmara Municipal - e viabilizada pelo deputado federal Vander Loubet (PT), sendo o repasse realizado pelo Governo do Estado em 10 parcelas.</p><p><br></p><p>Durante a cerimônia, o presidente da Câmara Municipal, Vladimir Ferreira, disse que o hospital é uma causa de todos os políticos, que devem buscar recursos para a sua correta manutenção e investimento em melhorias. Segundo o vereador, a taxa de resolutividade do hospital é de cerca de 85%, ou seja, de cada 100 pessoas que procuram o local, 85 têm atendimento garantido.</p><p><br></p><p>Com nove anos de existência, o Hospital Regional de Coxim conta hoje com centro de hemodiálise e já realizou cirurgias ortopédicas de alta complexidade. Além disso, a instituição possui equipamento de tomografia e raio-X digital. Vladimir destacou que o hospital presta relevante serviço para Coxim e região, mas os recursos disponíveis para sua manutenção não cobrem as despesas habituais.</p><p><br></p><p>Em média, um leito hospitalar custa de R$ 35 mil a R$ 40 mil, e o hospital regional conta com 65 leitos. Logo, seriam necessários mais de R$ 2 milhões mensais para garantir a continuidade dos serviços. Atualmente, a instituição recebe metade do valor necessário.</p><p><br></p><p>Ao final de sua fala, Vladimir Ferreira agradeceu a Vander Loubet pela parceria e lembrou que, além desse montante, o deputado já havia direcionado outros recursos para a Saúde de Coxim, totalizando aproximadamente R$1,2 milhões. Outros compromissos relacionados ao setor também foram firmados durante o encontro, incluindo a garantia da viabilização de fundos para o pagamento do 13º dos profissionais da Sáude no próximo ano.</p>\r\n\r\n<br><p></p>', 10, 1, '2019-11-12 07:45:44', 6, '2019-11-12 15:33:56', 1, 1),
(6, 'Dia do Professor é lembrado com carinho durante sessão desta terça-feira', '', '2019-10-15', 'ae62c8b073cd480b86e1491bbe68c417.jpg', 450, 600, '', 3, '<p>\r\n\r\n</p><p>Comemorado hoje (15 de outubro), o Dia do Professor foi lembrado com carinho pelos vereadores durante a sessão desta terça-feira. O presidente da Câmara Municipal de Coxim, vereador Vladimir Ferreira, destacou que os profissionais da educação, tão importantes para o desenvolvimento da sociedade, devem ser valorizados como tal. Ele lembrou que, desde 2009, por meio de determinação da prefeitura, houve uma melhora substancial no salário do professor em Coxim.</p><p><br></p><p>Segundo Vladimir, a remuneração ainda está longe da ideal, mas os professores da região contam com um dos melhores planos de cargos e carreiras do estado. O pagamento em dia também é uma forma de valorização, frisou o presidente da câmara. Ele espera que, com a melhoria da receita, a administração municipal consiga cumprir com esse compromisso, regularizando a situação.</p><p><br></p><p>O vereador Edmir Cândido disse que o professor pode ser chamado de pai, amigo, irmão ou companheiro. É o profissional que direciona a sociedade, assumindo um papel de referência, encaminhando os aprendizes para a vida.</p><p><br></p><p>No uso da tribuna, a vereador Abilio Vaneli também saudou aos professores do município de Coxim e de todo o Mato Grosso do Sul. Em sua fala, o vereador citou uma frase do patrono da educação brasileira, o educador e filósofo Paulo Freire: \"Educação não transforma o mundo. A educação muda pessoas. Pessoas transformam o mundo\".</p>\r\n\r\n<br><p></p>', 9, 1, '2019-11-12 07:49:16', 6, '2019-11-13 13:42:55', 1, 1),
(7, 'Sancionada Lei que proíbe órgãos públicos de contratar condenados por violência doméstica', '', '2019-10-14', '85b6aa836fc7decf453bfb0c60d9b389.jpg', 591, 600, 'Foto: Divulgação', 3, '<p>\r\n\r\n</p><p>O prefeito Aluizio São José sancionou a Lei de autoria do vereador Abilio Vaneli que proíbe órgãos públicos de contratar condenados por violência doméstica. A Lei Ordinária 1.827/2019 dispõe sobre a vedação, nomeação e contratação de agressor condenado na Lei Federal nº 11.340, de 07 de agosto de 2006 - \"Lei Maria da Penha\" e dá outras providências.</p><p><br></p><p>O Projeto de Lei 006/2019 foi aprovado por unanimidade pela Câmara Municipal de Coxim durante sessão ordinária no dia 27 de agosto de 2019. A Lei abrange as contratações no âmbito da administração pública direta e indireta municipal, bem como no poder legislativo municipal, inclusive para os cargos em comissão de livre nomeação e exoneração ou emprego público.</p><p><br></p><p>Conforme o texto, \"dá-se o impedimento com a condenação em decisão transitada em julgado, até que se comprove o cumprimento da pena\". Também fica vedada, nessas condições, a contratação de pessoas físicas ou jurídicas para a prestação de serviços em órgãos públicos ou que pleiteiem incentivos públicos municipais.</p>\r\n\r\n<br><p></p>', 1, 1, '2019-11-12 07:51:09', 6, '2019-11-13 13:42:33', 1, 1),
(8, 'Energisa se comprometeu a solucionar problema na escola Marechal Rondon, diz vereador Abilio', '', '2019-10-09', '3310745d52279d32f1cfe2c47d84f3a5.jpg', 446, 600, '', 3, '<p>\r\n\r\n</p><p>O vereador Abilio Vaneli visitou a Energisa na última sexta-feira (4) e afirmou que está acompanhando e cobrando uma solução para a questão do aumento de carga de energia para a escola Marechal Rondon, ação que vai permitir a utilização dos ares condicionados disponíveis no local. Em sua fala na sessão ordinária desta terça-feira (8), ele informou que a empresa se comprometeu a solucionar o problema rapidamente. Inclusive, a Energisa esteve na região no dia seguinte (sábado) fazendo alguns reparos, disse o vereador.</p><p><br></p><p>Ele acredita que, em breve, os aparelhos da escola estarão funcionando, garantindo o bem estar de professores e alunos. Em sua fala na tribuna, Abilio também citou a reunião que aconteceu em Campo Grande, na segunda-feira (7), e comentou sobre a importância das obras que estão sendo realizadas no município por meio do Governo do Estado. Em especial, ele destaca a preocupação com a região da Colônia Taquari.</p><p><br></p><p>Na ocasião, o edital de relicitação envolvendo a ponte do córrego Figueira foi entregue pelo setor de obras viárias da Agesul. A abertura da nova licitação está prevista para o dia 21. O vereador frisa que a conclusão da ponte é de suma importância para a população e a Câmara de Vereadores segue cobrando as autoridades competentes.</p>\r\n\r\n<br><p></p>', 1, 1, '2019-11-12 07:52:47', 6, '2019-11-12 10:56:04', 1, 1),
(9, 'Abilio solicita homenagem à estudante de Coxim que fez importante descoberta científica', '', '2019-09-30', '09d26d9e1b0ad4a0468525a502081030.jpg', 473, 600, '', 3, '<p>\r\n\r\n</p><p>O vereador Abilio Vaneli fez uma indicação para que o estudante de Tecnologia em Alimentos do IFMS (Instituto Federal de Mato Grosso do Sul) de Coxim, João Victor de Andrade dos Santos, de 19 anos, seja homenageado por ter descoberto um método de conservação do caldo de cana capaz de eliminar o causador da doença de Chagas, técnica que virou alvo de pesquisa da Fiocruz (Fundação Oswaldo Cruz).</p><p><br></p><p>Também serão homenageados, em data a ser definida, a colega de projeto, Maria Eduarda Pereira, e o professor orientador da pesquisa, Lucas Gandra. A técnica, nos moldes da pasteurização, chamou a atenção da Fiocruz por tornar inativo o Trypanosoma cruzi, protozoário causador da doença de Chagas, transmitida pelo inseto conhecido como barbeiro.</p><p><br></p><p>Entre 2008 e 2017, a doença provocou a morte de cerca de 4,6 mil pessoas por ano no Brasil.</p><p><br></p><p>O projeto, que virou notícia no Fantástico, está ganhando o mundo. Na última semana, João Victor foi a Abu Dhabi, capital dos Emirados Árabes Unidos, para apresentar a técnica que começou a desenvolver nos laboratórios do IFMS.</p><p><br></p><p>A pesquisa foi a única representante da região Centro-Oeste do Brasil na MILSET Expo-Sciences International 2019, evento que contou com a participação de mais de mil projetos de pesquisa de 60 países.</p>\r\n\r\n<br><p></p>', 9, 1, '2019-11-12 07:54:10', 6, '2019-11-12 10:56:18', 1, 1),
(10, 'Ajuda para socorrer produtores está a caminho, diz vereador Abilio', '', '2019-09-27', '378968b66ed0c8de4f9d10c78ae42840.jpg', 463, 600, 'Foto: Divulgação', 3, '<p>\r\n\r\n</p><p>O vereador Abilio Vaneli trouxe uma boa notícia para os produtores rurais de Coxim na sessão ordinária de terça-feira (24). Ele conversou com o secretario de Desenvolvimento, Carlos Henrique Ferreira, e informou aos presentes que está em andamento o processo para socorrer assentados e colonos em relação à seca. O projeto contará com o apoio do exército, que utilizará um caminhão pipa para levar água aos produtores. O socorro, por meio do poder público, deve chegar nos próximos dias.</p><p><br></p><p>Abílio frisou que a falta de chuvas compromete a zona rural do município, sendo que assentados e colonos correm o risco de perder seus animais devido à severa estiagem. Também no uso da tribuna, o vereador disse que procurou a Energisa para resolver a situação da Escola Municipal Marechal Rondon. Para a utilização dos ares-condicionados, é necessário que a empresa faça o rebaixamento da rede elétrica em frente ao local - aumentando a carga de energia para atender a escola. O problema se arrasta há mais de seis meses.</p><p><br></p><p>A câmara aguarda informações da Energisa desde agosto e, segundo Abilio, uma nova reunião para tratar do assunto deve acontecer em breve. O vereador espera que o município esclareça se falta uma contrapartida para que a empresa realize o serviço. Enquanto isso, professores e alunos sofrem com o calor, que prejudica o desempenho nas aulas.</p><p><br></p><p>Para ele, a situação é um desrespeito ao cidadão coxinense, que paga seus impostos e não recebe o devido retorno. À prefeitura, Abílio pediu atenção especial e urgente para o assunto.</p>\r\n\r\n<br><p></p>', 1, 1, '2019-11-12 08:08:06', 6, '2019-11-12 10:56:47', 1, 1),
(11, 'Vereador Abilio solicita intervenção urgente do município para socorrer zona rural durante a seca', '', '2019-09-18', '58c61a76442c7ad6ab15ce1ede20acf0.jpg', 769, 600, '', 3, '<p>\r\n\r\n</p><p>O vereador Abilio Vaneli pediu apoio aos colegas da câmara, na sessão desta terça-feira (17), para solicitar à prefeitura que atenda aos assentamentos e colônias de Coxim por meio de caminhão pipa, uma vez que os produtores correm risco de perder seus animais nos próximos dias diante da grave seca que castiga o município.</p><p><br></p><p>O vereador frisou que Coxim está atravessando uma das piores estiagens dos últimos 40 anos e os chacareiros não possuem reservas de água em açudes para dar ao gado. Eles também não possuem condições de comprar água para oferecer aos animais.</p><p><br></p><p>Segundo Abilio, nas colônias Taquari e Marabá, o córrego Sete Voltas secou há cerca de 30 dias, enquanto o córrego Pontinha já cortou seu leito na região acima da Curva da Rosa. A solicitação encaminhada ao executivo municipal abrange também as colônias São Ramão e Serradinho, além dos assentamentos da região.</p><p><br></p><p>Vaneli reiterou que a situação exige intervenção urgente do município para socorrer as famílias e seus animais, pelo menos até que a situação se regularize.</p><p><br></p><p>Confira o vídeo da sessão desta terça-feira (17) em nossa página no Facebook: <a target=\\\"_blank\\\" rel=\\\"nofollow\\\">https://www.facebook.com/camaradecoxim/</a></p>\r\n\r\n<br><p></p>', 1, 1, '2019-11-12 08:12:34', 6, '2019-11-12 10:25:16', 1, 1),
(12, 'Abilio Vaneli cobra Governo do Estado por atrasos em repasses ao HR de Coxim', '', '2019-09-12', '40429e89d773382793811c265de9d4c4.jpg', 591, 600, '', 3, '<p>\r\n\r\n</p><p>O vereador Abilio Vaneli (PT) cobrou providências da Secretaria de Estado de Saúde para que os repasses ao Hospital Regional de Coxim sejam efetivados com urgência. A verba para custeio dos plantões médicos realizados nos diferentes setores do hospital - e para a compra de medicamentos e materiais hospitalares - está atrasada desde julho deste ano. O assunto foi um dos temas da sessão da Câmara desta terça-feira (10).</p><p><br></p><p>O montante devido soma R$ 809.634,50 (oitocentos e nove mil, seiscentos e trinta e quatro reais e cinquenta centavos). No uso da tribuna, Abilio Vaneli frisou que a situação do Hospital Regional é preocupante, e pediu apoio ao Governo do Estado e ao secretário de Estado de Saúde, Dr. Geraldo Resende, para a manutenção do atendimento à população da região Norte por meio do SUS (Sistema Único de Saúde).</p><p><br></p><p>Em ofício enviado ao secretário de Saúde, o Hospital Regional ressalta o problema e solicita o máximo empenho e providências para que as parcelas referentes aos meses de julho e agosto de 2019 sejam devidamente recebidas. A pedido do vereador Abilio, o deputado estadual Cabo Almi (PT) levou o assunto à tribuna da Assembleia Legislativa de Mato Grosso do Sul e também cobrou providências para a regularização dos repasses ao HR de Coxim.</p>\r\n\r\n<br><p></p>', 10, 1, '2019-11-12 08:13:32', 6, '2019-11-12 10:57:15', 1, 1),
(13, 'Câmara aprova Projeto de Lei que proíbe contratação de condenados por violência doméstica', '', '2019-08-30', 'e8f3c5bfb8b1061fd4639e48d829f852.jpg', 800, 553, 'Foto Assessoria', 3, '<p>\r\n\r\n</p><p>O Projeto de Lei 006/2019 de autoria do vereador Abilio Vaneli (PT) que trata da proibição de contratar condenados pela Lei Maria da Penha, foi aprovado por <strong>unanimidade</strong>&nbsp;pela Câmara Municipal de Coxim durante sessão ordinária na noite desta terça-feira (27).</p><p><br></p><p>Portanto a partir da publicação da Lei, fica vedada a posse, nomeação ou contratação no âmbito do município de qualquer pessoa que foi condenada pela Lei Federal nº 11.340 de agosto de 2006, a lei \"Maria da Penha\".</p><p><br></p><p>A medida serve também para as empresas que prestam serviços aos órgãos públicos municipais, ou seja, o proprietário ou os sócios desta empresa não podem ter sido condenados nos termos da lei \"Maria da Penha\".</p><p><br></p><p>Em sua justificativa, Abilio Vaneli destacou que com a vigência da lei \"Maria da Penha\" em 2006 com o objetivo de combater a violência contra a mulher, o Estado e a sociedade brasileira passaram de forma definitiva a não tolerar mais a violência doméstica em todas as suas formas,\"eu acredito que lei será mais um instrumento de combate a violência contra a mulher, somente neste ano, 22 mulheres foram vítimas de feminicídio em Mato Grosso do Sul\", ressaltou o vereador.</p>\r\n\r\n<br><p></p>', 1, 1, '2019-11-12 08:15:46', 6, '2019-11-13 13:41:43', 1, 1),
(14, 'Abilio Vaneli cobra da Energisa adequação na rede elétrica para atender escolas municipais.', '', '2019-08-15', '386ee14eb36c4dbfbcfdbd963c637fbf.jpg', 800, 420, 'Foto Assessoria', 3, '<p>\r\n\r\n</p><p>O vereador Abilio Vaneli (PT), durante a sessão da Câmara de Coxim desta terça-feira (13), cobrou providências da empresa Energisa para o aumento de carga nas redes de energia das escolas municipais Marechal Rondon e Maria Lúcia Batista. Segundo o parlamentar, as escolas possuem aparelhos de ar condicionados que foram adquiridos e instalados com emendas de deputados e contrapartida da prefeitura, mas &nbsp;não estão sendo usados por falta de adequação na rede externa, o que também já foi pago pela prefeitura.</p><p><br></p><p>Entretanto, como até o momento as solicitações de serviço feitos pela direção das escolas e pela prefeitura via ofícios não tinham sido atendidas pela empresa, o parlamentar protocolou um requerimento no escritório local da empresa cobrando informações e que seja imediatamente realizado as obras de aumento da carga.</p><p><br></p><p>Da tribunal o vereador classificou como absurda esta situação e alertou: \"caso a comunidade não seja atendida pela empresa vou tomar outras providências\".</p>\r\n\r\n<br><p></p>', 9, 1, '2019-11-12 08:21:43', 6, '2019-11-13 13:41:12', 1, 1),
(15, 'Abilio apresenta indicação solicitando iluminação de LED para Silviolândia e Senhor Divino', '', '2018-12-12', 'ff5e77eb00f2a6423dcd5e2e3bf50456.jpg', 800, 568, '', 3, '<p>\r\n\r\n</p><p>O vereador Abilio Vaneli (PT) apresentou na sessão Legislativa desta terça-feira dia (11) uma indicação solicitando a implantação de iluminação de LED no distrito de Silviolândia e no bairro Senhor Divino.</p><p><br></p><p>Na indicação encaminhada ao Prefeito Municipal Aluízio São José e ao Secretário de Obras, Carlos de Oliveira Rezende, o parlamentar solicitou que os novos braços de iluminação pública sejam colocados na Avenida Luiz Gonzaga no distrito Silviolândia, no trecho compreendido entre a ponte sobre o Rio Taquari a Escola Municipal William Tavares de Oliveira.</p><p><br></p><p>Já no bairro Senhor Divino a iluminação contemplaria a Avenida João Feliciano Bezerra, uma das principais avenidas do bairro.</p><p><br></p><p>O vereador justificou a indicação dizendo que os recursos para a colocação dos braços e das luminárias serão custeados pela COSIP (Contribuição para Custeio da Iluminação Pública), popularmente conhecida como \"taxa de iluminação pública\".</p><p><br></p><p>De acordo com Abilio, a indicação além de atender os anseios da comunidade local vai trazer mais segurança para os moradores e embelezar as vias.</p>\r\n\r\n<br><p></p>', 5, 1, '2019-11-12 08:23:43', 6, '2019-11-13 13:40:53', 1, 1),
(19, 'Maior sonho dos professores é a valorização profissional, diz presidente do SIMTED Coxim', '', '2019-10-31', 'c0232d6a116db6cce95d13e0dfabdda1.jpg', 800, 429, '', 3, '<p>\r\n\r\n</p><p>O plenário da Câmara Municipal de Coxim foi palco de uma noite de homenagens nesta terça-feira (29). Na ocasião, 24 professores foram agraciados com moções de congratulação pelos serviços prestados em prol da comunidade coxinense. Durante a sessão solene em homenagem aos profissionais que se dedicam à arte de ensinar, a presidente do SIMTED (Sindicato Municipal dos Trabalhadores Em Educação) de Coxim, Mara Núbia dos Santos, disse que o maior sonho dos professores é a valorização, principalmente no que diz respeito as condições de trabalho.</p><p><br></p><p>Ela frisou que, ao se referir ao trabalhador em educação, não estava falando apenas da figura do professor, mas também do coordenador pedagógico e dos funcionários do setor administrativo e da limpeza. Mara Núbia aproveitou a oportunidade para pedir aos vereadores que não aprovem projetos referentes à Educação sem antes discutir com a categoria, debatendo com quem realmente faz a educação e sente na pele o que é ser professor.</p><p><br></p><p>Confira a lista dos professores homenageados na sessão solene:</p><p><br></p><p>VEREADOR ODES DA SILVA</p><p>- Donizete Jesus Rocha</p><p>- Maria Célia Marques da Silva</p><p><br></p><p>VEREADOR ADELSON JANÚNCIO</p><p>- Terezinha Scheibler</p><p>- Valdir Aparecido de Oliveira</p><p><br></p><p>VEREADOR AMOACIR ALEXANDRE</p><p>- Maria da Conceição Barbosa Silva</p><p>- Selma Lopes Alexandre Silva</p><p><br></p><p>VEREADOR MECIAS ALVES</p><p>- Nildo Campos da Silva</p><p>- Israel Freire dos Santos</p><p><br></p><p>VEREADOR ABILIO VANELI</p><p>- Josefa Maria da Silva Moura</p><p>- Jurandir Evangelista dos Santos</p><p><br></p><p>VEREADOR SINVAL BATISTA</p><p>- Sonia Maria Rodrigues Grubsch</p><p>- Cimara Luciene Dalto</p><p><br></p><p>VEREADOR CARECA DA ILUMINAÇÃO</p><p>- Maria Adelaide da Silva Nery</p><p>- Kelly Divina Nery Neves Ribeiro</p><p><br></p><p>VEREADOR VILMAR VENDRÚSCOLO</p><p>- Maria Dias de Oliveira</p><p>- Vanda Vendruscolo Onuszezak</p><p><br></p><p>VEREADOR VLADIMIR FERREIRA</p><p>- Telma Maria da Costa</p><p>- Noeli Inez Eidt</p><p><br></p><p>VEREADORA DINALVA MOURÃO</p><p>- Maira de Quevedo</p><p>- Geovane Cândido</p><p><br></p><p>VEREADORA LUCIA DA AAVC</p><p>- Jucimeire Lemes da Silva Resende</p><p>- Rita Rosana dos Santos Portela Lima</p><p><br></p><p>VEREADOR MARQUINHOS VAZ</p><p>- Geni Trentini Araújo</p><p>- Joelsia Aragão</p>\r\n\r\n<br><p></p>', 9, 1, '2019-11-12 13:17:03', NULL, NULL, 1, 1);

-- --------------------------------------------------------

--
-- Estrutura para tabela `noticia_categoria`
--

CREATE TABLE `noticia_categoria` (
  `id` int(11) NOT NULL,
  `descricao` varchar(100) NOT NULL
) ENGINE=InnoDB DEFAULT CHARSET=utf8;

--
-- Despejando dados para a tabela `noticia_categoria`
--

INSERT INTO `noticia_categoria` (`id`, `descricao`) VALUES
(1, 'Geral'),
(2, 'Política'),
(3, 'Obras'),
(4, 'Esporte'),
(5, 'Sessão'),
(6, 'Entretenimento'),
(7, 'Social'),
(8, 'Institucional'),
(9, 'Educação'),
(10, 'Saúde');

-- --------------------------------------------------------

--
-- Estrutura para tabela `noticia_imagens`
--

CREATE TABLE `noticia_imagens` (
  `id` int(11) NOT NULL,
  `id_noticia` int(11) NOT NULL,
  `imagem` varchar(200) NOT NULL
) ENGINE=InnoDB DEFAULT CHARSET=utf8;

--
-- Despejando dados para a tabela `noticia_imagens`
--

INSERT INTO `noticia_imagens` (`id`, `id_noticia`, `imagem`) VALUES
(2, 6, 'c10062271b239526ea2a96a3c38a39d3.jpg'),
(3, 6, '9e66320cade6b57a97ee0d034a34ab77.jpg'),
(4, 8, '2ad0d6297c266bbde12716ef275a7dae.jpg'),
(5, 8, 'a2a717ec5823f4996b7be2a6ae5f9dbe.jpg'),
(6, 14, '08a2c8dbb80567c54818fee9bd0ce619.jpg'),
(7, 11, 'bf22dc7878ec96cd0f089c14bfd3d855.jpg'),
(8, 11, 'f30e72fd78480d277ba43b688da02960.jpg'),
(9, 19, '2a38518cca19e1ec36ee3b19304e91b2.jpg');

-- --------------------------------------------------------

--
-- Estrutura para tabela `noticia_vereador`
--

CREATE TABLE `noticia_vereador` (
  `id` int(11) NOT NULL,
  `id_noticia` int(11) NOT NULL,
  `id_vereador` int(11) NOT NULL
) ENGINE=InnoDB DEFAULT CHARSET=utf8;

--
-- Despejando dados para a tabela `noticia_vereador`
--

INSERT INTO `noticia_vereador` (`id`, `id_noticia`, `id_vereador`) VALUES
(15, 11, 18),
(19, 8, 18),
(20, 9, 18),
(21, 10, 18),
(22, 12, 18),
(27, 15, 18),
(28, 14, 18),
(29, 13, 18),
(30, 7, 18),
(31, 6, 17),
(32, 6, 18);

-- --------------------------------------------------------

--
-- Estrutura para tabela `pdf_categoria`
--

CREATE TABLE `pdf_categoria` (
  `id` int(11) NOT NULL,
  `nome` varchar(100) NOT NULL
) ENGINE=InnoDB DEFAULT CHARSET=utf8;

--
-- Despejando dados para a tabela `pdf_categoria`
--

INSERT INTO `pdf_categoria` (`id`, `nome`) VALUES
(1, 'Regimento Interno'),
(3, 'Atas'),
(4, 'Códigos'),
(5, 'Comissões'),
(6, 'Decretos'),
(7, 'Emendas'),
(8, 'Est. Func Público'),
(9, 'Lei Orgânica'),
(10, 'Leis Complementares'),
(11, 'Leis Ordinárias'),
(12, 'Plano Diretor'),
(13, 'Resoluções'),
(14, 'Atos');

-- --------------------------------------------------------

--
-- Estrutura para tabela `pdf_registro`
--

CREATE TABLE `pdf_registro` (
  `id` int(11) NOT NULL,
  `categoria` int(11) NOT NULL,
  `titulo` varchar(200) NOT NULL,
  `descricao` varchar(500) NOT NULL,
  `data_documento` date NOT NULL,
  `data_insercao` datetime NOT NULL,
  `usuario_insercao` int(11) NOT NULL,
  `arquivo` varchar(200) DEFAULT NULL
) ENGINE=InnoDB DEFAULT CHARSET=utf8;

--
-- Despejando dados para a tabela `pdf_registro`
--

INSERT INTO `pdf_registro` (`id`, `categoria`, `titulo`, `descricao`, `data_documento`, `data_insercao`, `usuario_insercao`, `arquivo`) VALUES
(5, 1, 'Regimento Interno', '', '1994-12-13', '2019-11-07 14:53:59', 1, 'e74e784d2db7d00ad8a77d892402bd42.pdf');

-- --------------------------------------------------------

--
-- Estrutura para tabela `texto_fixo`
--

CREATE TABLE `texto_fixo` (
  `id` int(11) NOT NULL,
  `chave` varchar(100) NOT NULL,
  `texto` text NOT NULL
) ENGINE=InnoDB DEFAULT CHARSET=utf8;

--
-- Despejando dados para a tabela `texto_fixo`
--

INSERT INTO `texto_fixo` (`id`, `chave`, `texto`) VALUES
(1, 'departamentos', '<p>&nbsp;</p>\r\n<p><strong>Recursos Humanos&nbsp;</strong></p>\r\n<p>Rog&eacute;rio M&aacute;rcio Gomes Proen&ccedil;a - rmproenca@hotmail.com</p>\r\n<p>&nbsp;</p>\r\n<p><strong>Cont&aacute;bil/Financeiro</strong>&nbsp;</p>\r\n<p>Giani Marcio Scholz - contabilidade.cmcx@gmail.com / camaracoxim@camaracoxim.ms.gov.br</p>\r\n<p>&nbsp;</p>\r\n<p><strong>Comiss&atilde;o Permanente de Licita&ccedil;&atilde;o</strong></p>\r\n<p>&nbsp;</p>\r\n<p><strong>Presidente: </strong>Giani Marcio Scholz - camaracoxim@camaracoxim.ms.gov.br</p>\r\n<p><strong>Membros:</strong>&nbsp;Rog&eacute;rio M&aacute;rcio Gomes Proen&ccedil;a - <a target=\"\\&quot;_blank\\&quot;\" rel=\"\\&quot;nofollow\\&quot;\">rmproenca@hotmail.com</a></p>\r\n<p>&nbsp; &nbsp; &nbsp; &nbsp; &nbsp; &nbsp; &nbsp; &nbsp; &nbsp; &nbsp;Aline Moreira Lopes</p>\r\n<p>&nbsp;</p>\r\n<p><strong>Secretaria Legislativa</strong></p>\r\n<p>Francisco Ferrereira Feitosa - <a target=\"\\&quot;_blank\\&quot;\" rel=\"\\&quot;nofollow\\&quot;\">franciscofeitosacxm@hotmail.com</a></p>\r\n<p>&nbsp;</p>\r\n<p><strong>Secretaria Geral</strong></p>\r\n<p>Marly Nogueira de Lima - marly.n.l@hotmail.com</p>\r\n<p>&nbsp;</p>\r\n<p><strong>Assessoria Jur&iacute;dica</strong></p>\r\n<p>Jordelino Garcia de Oliveira - jordelinogarcia@hotmail.com/</p>\r\n<p>&nbsp;</p>\r\n<p><strong>Assessoria de Imprensa</strong></p>\r\n<p>Rauster Campiteli Monteiro -</p>\r\n<p>&nbsp;</p>\r\n<p><strong>Recep&ccedil;&atilde;o</strong></p>\r\n<p>Maureli Aparecida da Silva</p>\r\n<p>&nbsp;</p>\r\n<p><strong>T&eacute;cnico de Som</strong></p>\r\n<p>Eder Soares</p>\r\n<p>&nbsp;</p>\r\n<p><strong>Patrim&ocirc;nio</strong></p>\r\n<p>Aline Moreira Lopes</p>\r\n<p><strong>&nbsp;</strong></p>\r\n<p><strong>Copa</strong></p>\r\n<p>Isabel Maria de Jesus</p>\r\n<p><strong>&nbsp;</strong></p>\r\n<p><strong>Servi&ccedil;os Gerais</strong></p>\r\n<p>Flavio Garcia da Silveira Filho</p>\r\n<p>&nbsp;</p>');
INSERT INTO `texto_fixo` (`id`, `chave`, `texto`) VALUES
(2, 'institucional', '<p>&nbsp;</p>\r\n<p><strong>Hist&oacute;ria da C&acirc;mara</strong></p>\r\n<p><strong>&nbsp;</strong></p>\r\n<p>Fundada no dia 03 de janeiro de 1.903, a C&acirc;mara Municipal de Coxim teve como primeiro pr&eacute;dio a antiga prefeitura, onde hoje funciona a Casa do Artes&atilde;o, na rua Filinto Muller esquina com a rua Antonio de Albuquerque. Em seguida passou a funcionar na rua Delmira Bandeira e, atualmente, com sede pr&oacute;pria, a C&acirc;mara funciona na rua Jo&atilde;o Pessoa, no centro de Coxim.</p>\r\n<p>No in&iacute;cio dos trabalhos do legislativo, a C&acirc;mara Municipal contava apenas com cinco vereadores e um suplente, sendo esta quantidade representada at&eacute; o final de 1918, pois no ano seguinte, sete vereadores passaram a compor o Legislativo Municipal e, ap&oacute;s 48 anos, apenas em 1967, a C&acirc;mara passou a ser representada por nove vereadores.</p>\r\n<p>Nos mandatos entre 1983 &agrave; 2004, 11 vereadores compunham a Casa de Leis, sendo que, de 2005 at&eacute; 2012, novamente a C&acirc;mara voltou a ser representada por nove vereadores.</p>\r\n<p>Com o aumento da popula&ccedil;&atilde;o e de acordo com o inciso II, artigo 25 da Lei Org&acirc;nica Municipal: \\\"o n&uacute;mero de vereadores &eacute; proporcional &agrave; popula&ccedil;&atilde;o do munic&iacute;pio, observados os limites estabelecidos no inciso IV, do artigo 29, da Constitui&ccedil;&atilde;o Federal\\\", que, com a Emenda Constitucional n&ordm; 58/2.009, prev&ecirc;:</p>\r\n<p>a) 9 (nove) Vereadores, nos Munic&iacute;pios de at&eacute; 15.000 (quinze mil) habitantes;</p>\r\n<p>b) 11 (onze) Vereadores, nos Munic&iacute;pios de mais de 15.000 (quinze mil) habitantes e de at&eacute; 30.000 (trinta mil) habitantes;</p>\r\n<p>c) 13 (treze) Vereadores, nos Munic&iacute;pios com mais de 30.000 (trinta mil) habitantes e de at&eacute; 50.000 (cinquenta mil) habitantes; e assim sucessivamente.</p>\r\n<p>De acordo o IBGE (Instituto Brasileiro de Geografia e Pesquisa) &nbsp;2010, Coxim esta com cerca de 32.159 habitantes, dessa forma, foi aprovada em junho de 2012, a Emenda a Lei Org&acirc;nica n&ordm; 008/2012 de 06/06/2012, que estabelece que a C&acirc;mara Municipal de Coxim, &agrave; partir de 2013 passa a contar com 13 vereadores.</p>\r\n<p>Desde 2013, a C&acirc;mara Municipal de Coxim &eacute; representada por 13 vereadores.</p>\r\n<p><strong>&nbsp;</strong></p>\r\n<p><strong>Compete a C&acirc;mara</strong></p>\r\n<p><strong>Segundo a Carta Magna brasileira, compete &agrave;s c&acirc;maras municipais:</strong></p>\r\n<ul>\r\n<li>Fiscaliza&ccedil;&atilde;o das contas do Munic&iacute;pio;</li>\r\n<li>Elaborar a Lei Org&acirc;nica;</li>\r\n<li>Organizar as fun&ccedil;&otilde;es internas para legislar e fiscalizar;</li>\r\n<li>Nomear logradouros, elaborar leis ordin&aacute;rias ou apreciar aquelas cuja iniciativa &eacute; prerrogativa do Executivo.</li>\r\n</ul>\r\n<p>&nbsp;</p>\r\n<p>O Poder Legislativo Municipal &eacute; composto por um &oacute;rg&atilde;o diretivo, que &eacute; a Mesa. Mant&eacute;m comiss&otilde;es permanentes e cria, quando necess&aacute;rio, comiss&otilde;es tempor&aacute;rias.<br />Ela conta ainda com servi&ccedil;os auxiliares e pessoal administrativo pr&oacute;prio. Com essa organiza&ccedil;&atilde;o, a C&acirc;mara Municipal est&aacute; aparelhada para desenvolver as compet&ecirc;ncias legislativas, fiscalizadoras e julgadoras que lhe forem outorgadas pela Constitui&ccedil;&atilde;o Federal.</p>\r\n<p>O Poder Legislativo Municipal tem a tarefa de elaborar as leis, resolu&ccedil;&otilde;es, indica&ccedil;&otilde;es, requerimentos, decretos legislativos, mo&ccedil;&otilde;es entre outras, como projetos de leis complementares, emendas ao Regimento Interno e Lei Org&acirc;nica. Para cada modalidade h&aacute; um processo de tramita&ccedil;&atilde;o especifico. As mat&eacute;rias que requerem tramita&ccedil;&atilde;o passar&atilde;o pelo aval das Comiss&otilde;es Permanentes especificas da casa. Depois das mat&eacute;rias ter passado pelas comiss&otilde;es e ser aprovadas em plen&aacute;rio &eacute; encaminhada para a aprova&ccedil;&atilde;o do executivo municipal.</p>\r\n<p>A indica&ccedil;&atilde;o &eacute; a maneira mais utilizada pelos vereadores na sua manifesta&ccedil;&atilde;o pessoal; ela pode ser encaminhada para qualquer &oacute;rg&atilde;o: Federal, Estadual e Municipal, solicitando informa&ccedil;&otilde;es sobre servi&ccedil;os prestados ou melhorias para o munic&iacute;pio.</p>\r\n<p><strong>&nbsp;</strong></p>\r\n<p><strong>Mesa Diretora</strong></p>\r\n<p>A Mesa &eacute; o &oacute;rg&atilde;o diretivo da C&acirc;mara Municipal, constitu&iacute;da pelo presidente, vice-presidente, primeiro-secret&aacute;rio e segundo secret&aacute;rio, eleitos entre os vereadores em exerc&iacute;cio. A Mesa Diretora pratica atos de dire&ccedil;&atilde;o, administra&ccedil;&atilde;o e execu&ccedil;&atilde;o das delibera&ccedil;&otilde;es aprovadas pelo plen&aacute;rio. As atribui&ccedil;&otilde;es da Mesa Diretora e de seus membros est&atilde;o definidas no Regimento Interno da C&acirc;mara. O mandato dos membros da Mesa Diretora &eacute; de dois anos, sem direito a reelei&ccedil;&atilde;o para o mesmo cargo.</p>\r\n<p><strong>&nbsp;</strong></p>\r\n<p><strong>Presidente</strong></p>\r\n<p>O presidente da C&acirc;mara &eacute; eleito por vota&ccedil;&atilde;o, entre os pr&oacute;prios vereadores e seu mandado como presidente &eacute; por dois anos. O presidente da C&acirc;mara desempenha fun&ccedil;&otilde;es legislativas, administrativas e de representa&ccedil;&atilde;o. Exerce fun&ccedil;&otilde;es tipicamente legislativas quando preside o Plen&aacute;rio, orienta e dirige o processo legislativo, profere voto de desempate nas delibera&ccedil;&otilde;es, promulga leis, decretos legislativos e resolu&ccedil;&otilde;es. Exerce fun&ccedil;&otilde;es de administra&ccedil;&atilde;o quando superintende os servi&ccedil;os auxiliares, comp&otilde;e e dirige o funcionalismo da C&acirc;mara. Exerce fun&ccedil;&otilde;es de representa&ccedil;&atilde;o quando atua em nome da C&acirc;mara.</p>\r\n<p>Acrescentam-se ainda como fun&ccedil;&otilde;es do presidente da C&acirc;mara Municipal: dar posse ao prefeito, vice-prefeito, vereadores retardat&aacute;rios e suplentes e de declarar a extin&ccedil;&atilde;o de mandato e a vaga dos respectivos cargos desses mesmos agentes pol&iacute;ticos, quando se verificar a ocorr&ecirc;ncia de qualquer das causas extintivas previstas em lei (morte, ren&uacute;ncia, perda ou suspens&atilde;o dos direitos pol&iacute;ticos etc).</p>\r\n<p>A representa&ccedil;&atilde;o da C&acirc;mara &eacute; atribu&iacute;da, em toda a sua plenitude, ao seu presidente. Nessa qualidade, age ele em nome da corpora&ccedil;&atilde;o, nos seus atos internos e externos, e realiza todos os contatos diretos com o prefeito e demais autoridades com as quais a C&acirc;mara deve manter rela&ccedil;&otilde;es.</p>\r\n<p>No presidente re&uacute;nem-se todas as prerrogativas e a autoridade da Mesa, raz&atilde;o pela qual n&atilde;o poder&aacute; us&aacute;-las em proveito pr&oacute;prio. Sempre que tiver que se defender ou defender alguma quest&atilde;o legislativa ou partid&aacute;ria, dever&aacute; deixar a Presid&ecirc;ncia, para faz&ecirc;-lo como simples vereador, em p&eacute; de igualdade com seus pares. Da imparcialidade que deve manter o presidente e da autoridade de que &eacute; investido para dirigir a C&acirc;mara prov&eacute;m &agrave; regra da absten&ccedil;&atilde;o de voto nas delibera&ccedil;&otilde;es do Plen&aacute;rio, salvo nos casos de empate ou para completar quorum qualificado, nos termos da Lei Org&acirc;nica Municipal.</p>\r\n<p>Como dirigente dos trabalhos do Plen&aacute;rio, pode o presidente convocar sess&otilde;es extraordin&aacute;rias, na forma regimental, quando as circunst&acirc;ncias assim o exigirem.<br />Todos os servi&ccedil;os administrativos da C&acirc;mara s&atilde;o chefiados pelo presidente, que atua em rela&ccedil;&atilde;o aos servidores e aos servi&ccedil;os da Edilidade como a mais alta autoridade hier&aacute;rquica, a que todos devem obedi&ecirc;ncia e subordina&ccedil;&atilde;o.</p>\r\n<p>A administra&ccedil;&atilde;o financeira, a contabilidade, a elabora&ccedil;&atilde;o e execu&ccedil;&atilde;o da dota&ccedil;&atilde;o or&ccedil;ament&aacute;ria da C&acirc;mara, bem como a requisi&ccedil;&atilde;o de numer&aacute;rio e as autoriza&ccedil;&otilde;es de despesas realizadas pela C&acirc;mara s&atilde;o de responsabilidade do presidente.</p>\r\n<p><strong>&nbsp;</strong></p>\r\n<p><strong>Vice-presidente</strong></p>\r\n<p>&Eacute; atribu&iacute;do ao vice-presidente, substituir o presidente nas suas faltas ocasionais, licen&ccedil;as ou impedimentos. Enquanto n&atilde;o assumir a presid&ecirc;ncia por um dos motivos legais, n&atilde;o tem qualquer fun&ccedil;&atilde;o administrativa ou diretiva, nem pode intervir no funcionamento da Mesa. No entanto, o vice-presidente age e atua como vereador, propondo, discutindo e votando em igualdade com os demais membros do Plen&aacute;rio.</p>\r\n<p><strong>&nbsp;</strong></p>\r\n<p><strong>Secret&aacute;rios</strong></p>\r\n<p>O secret&aacute;rio tem por atribui&ccedil;&atilde;o o preparo do expediente, compreendendo-se nessas fun&ccedil;&otilde;es a prepara&ccedil;&atilde;o da ata, a leitura e reda&ccedil;&atilde;o da correspond&ecirc;ncia oficial, a prepara&ccedil;&atilde;o dos atos determinados pelo presidente, a expedi&ccedil;&atilde;o de editais e o que mais dispuser o Regimento como incumb&ecirc;ncia da Secretaria. Na falta do vice-presidente, o secret&aacute;rio substitui o presidente na dire&ccedil;&atilde;o dos trabalhos do Plen&aacute;rio e nos demais atos administrativos que lhe competirem.</p>\r\n<p><strong>&nbsp;</strong></p>\r\n<p><strong>Comiss&otilde;es</strong></p>\r\n<p>As Comiss&otilde;es legislativas s&atilde;o &oacute;rg&atilde;os internos constitu&iacute;dos pelos pr&oacute;prios membros da C&acirc;mara, com fun&ccedil;&otilde;es especializadas de estudo ou de investiga&ccedil;&atilde;o de determinado assunto, em car&aacute;ter permanente ou transit&oacute;rio. Na realidade, &eacute; um prolongamento da pr&oacute;pria C&acirc;mara, que as constitui em &oacute;rg&atilde;os t&eacute;cnicos, com a miss&atilde;o prec&iacute;pua de realizar estudos ou investiga&ccedil;&otilde;es e emitir pareceres especializados sobre as proposi&ccedil;&otilde;es que ser&atilde;o discutidas e votadas pelo Plen&aacute;rio.</p>\r\n<p>Tais Comiss&otilde;es podem ser Permanentes ou Tempor&aacute;rias, conforme sejam institu&iacute;das pelo Regimento, como parte integrante da C&acirc;mara, ou por Resolu&ccedil;&atilde;o que lhes empreste car&aacute;ter transit&oacute;rio, s&oacute; para a realiza&ccedil;&atilde;o de determinada miss&atilde;o.<br />As Comiss&otilde;es Permanentes e Tempor&aacute;rias s&atilde;o &oacute;rg&atilde;os internos da C&acirc;mara, institu&iacute;dos em raz&atilde;o do poder pol&iacute;tico da corpora&ccedil;&atilde;o legislativa, mas destinados a praticar atos simplesmente administrativos. As Comiss&otilde;es n&atilde;o legislam, n&atilde;o deliberam, n&atilde;o administram, nem julgam; apenas estudam, investigam e apresentam conclus&otilde;es ou sugest&otilde;es, concretizadas em pareceres de car&aacute;ter meramente informativo para o Plen&aacute;rio.</p>\r\n<p><strong>&nbsp;</strong></p>\r\n<p><strong>Plen&aacute;rio</strong></p>\r\n<p>O Plen&aacute;rio da C&acirc;mara &eacute; formado pela reuni&atilde;o dos vereadores em exerc&iacute;cio, no local, na forma e com n&uacute;mero legal para deliberar. O local &eacute; o recinto da C&acirc;mara, a forma &eacute; a sess&atilde;o, o n&uacute;mero &eacute; o quorum estabelecido na Lei Org&acirc;nica do Munic&iacute;pio ou no Regimento Interno para as delibera&ccedil;&otilde;es ordin&aacute;rias e especiais.<br />As sess&otilde;es e delibera&ccedil;&otilde;es realizadas ou tomadas fora do recinto da C&acirc;mara s&atilde;o nulas, ressalvada a hip&oacute;tese de impossibilidade de acesso, quando o juiz de Direito da Comarca poder&aacute; designar outro local.</p>\r\n<p><strong>&nbsp;</strong></p>\r\n<p><strong>Sess&otilde;es</strong></p>\r\n<p>A sess&atilde;o &eacute; a reuni&atilde;o dos vereadores em exerc&iacute;cio, no recinto do Plen&aacute;rio, em n&uacute;mero e forma regimentais, para realiza&ccedil;&atilde;o das atividades constantes da pauta. Para a realiza&ccedil;&atilde;o legal das sess&otilde;es da C&acirc;mara &eacute; necess&aacute;ria a pr&eacute;via convoca&ccedil;&atilde;o dos vereadores e o atendimento de todas as prescri&ccedil;&otilde;es regimentais, contr&aacute;rias a isso, ser&atilde;o nulas as suas delibera&ccedil;&otilde;es e invalid&aacute;veis por via judicial. Sob nenhum pretexto poder&aacute; ser impedida a manifesta&ccedil;&atilde;o dos membros da C&acirc;mara durante as sess&otilde;es, na forma regimental, sobre as mat&eacute;rias em discuss&atilde;o e vota&ccedil;&atilde;o.</p>\r\n<p>As sess&otilde;es poder&atilde;o ser ordin&aacute;rias, extraordin&aacute;rias e solenes. Sess&otilde;es ordin&aacute;rias s&atilde;o as realizadas para as delibera&ccedil;&otilde;es e trabalhos regulares, em dia, hora e local pr&eacute;-fixados no Regimento.</p>\r\n<p>Sess&otilde;es extraordin&aacute;rias s&atilde;o as que se realizam, em car&aacute;ter excepcional, para delibera&ccedil;&atilde;o de determinadas mat&eacute;rias. As sess&otilde;es extraordin&aacute;rias dependem de convoca&ccedil;&atilde;o, com anteced&ecirc;ncia de 24 horas, atrav&eacute;s de comunica&ccedil;&atilde;o pessoal e escrita, salvo quando feita em sess&atilde;o, caso em que ser&aacute; transmitida por escrito aos ausentes.</p>\r\n<p>Em regra, as sess&otilde;es ordin&aacute;rias e extraordin&aacute;rias s&atilde;o p&uacute;blicas, s&oacute; se justificando as secretas quando houver assunto de car&aacute;ter sigiloso, imposto pelo interesse p&uacute;blico. Sess&otilde;es solenes s&atilde;o as convocadas para a presta&ccedil;&atilde;o de homenagens ou realiza&ccedil;&atilde;o de comemora&ccedil;&otilde;es c&iacute;vicas, em qualquer recinto e com qualquer n&uacute;mero, pois nelas nada se delibera.</p>\r\n<p>&nbsp;</p>\r\n<p>MESA DIRETORA</p>\r\n<p>DA C&Acirc;MARA MUNICIPAL</p>\r\n<p>PER&Iacute;ODO DE 1900 A 2010</p>\r\n<p>&nbsp;</p>\r\n<p><strong>ADMINISTRA&Ccedil;&Atilde;O DO CEL. JO&Atilde;O BAPTISTA DA SILVA ALBUQUERQUE</strong></p>\r\n<p><strong>PER&Iacute;ODO 1900 A 1902</strong></p>\r\n<p><strong>ELEI&Ccedil;&Atilde;O DO DIA 02 DE NOVEMBRO DE 1899</strong></p>\r\n<p>&nbsp;</p>\r\n<p>INTENDENTE GERAL: Cel Jo&atilde;o Baptista da Silva Albuquerque</p>\r\n<p>PRIMEIRO VICE-INTENDENTE: Leopoldino Simpl&iacute;cio de Souza Benevides</p>\r\n<p>SEGUNDO VICE-INTENDENTE: Martinho Pereira Mendes</p>\r\n<p>&nbsp;</p>\r\n<p>VEREADORES:</p>\r\n<p>1) Ant&ocirc;nio Luiz da Silva Albuquerque</p>\r\n<p>2) Jos&eacute; Bento da Silva Gra&ccedil;a</p>\r\n<p>3) Eduardo Jos&eacute; Siravegna</p>\r\n<p>4) Joaquim de Souza Benevides</p>\r\n<p>5) Francisco Dias de Moraes</p>\r\n<p>SUPLENTE: Ant&ocirc;nio Jos&eacute; da Silva</p>\r\n<p>&nbsp;</p>\r\n<p>Fonte: Hist&oacute;ria de Coxim - Autor Ronan Garcia da Silveira - p&aacute;g. 56</p>\r\n<p>-----------------------------------------------.</p>\r\n<p>&nbsp;</p>\r\n<p><strong>ADMINISTRA&Ccedil;&Atilde;O DE EDUARDO JOS&Eacute; SIRAVEGNA - PER&Iacute;ODO 1909 - 1911</strong></p>\r\n<p><strong>ELEI&Ccedil;&Atilde;O DO DIA 02 DE NOVEMBRO DE 1908</strong></p>\r\n<p>&nbsp;</p>\r\n<p>INTENDENTE GERAL: Cel. Eduardo Jos&eacute; Siravegna</p>\r\n<p>PRIMEIRO VICE-INTENDENTE: Manoel Dias de Pinho</p>\r\n<p>SEGUNDO VICE-INTENDENTE: Melchiades de Rezende Terra</p>\r\n<p>&nbsp;</p>\r\n<p>VEREADORES:</p>\r\n<p>1) Jos&eacute; Simondi</p>\r\n<p>2) Laurentino de Souza G&oacute;es</p>\r\n<p>3) Manoel Marcelino de Ara&uacute;jo</p>\r\n<p>4) Oscar Jos&eacute; da Costa</p>\r\n<p>5) Jos&eacute; da Costa e Silva</p>\r\n<p>SUPLENTES:</p>\r\n<p>1) Pedro Severo dos Santos;</p>\r\n<p>2) Pedro Mendes Fontoura;</p>\r\n<p>3) Galdino Cardeal de Souza.</p>\r\n<p>&nbsp;</p>\r\n<p>Fonte: Hist&oacute;ria de Coxim - Autor Ronan Garcia da Silveira - p&aacute;g. 79</p>\r\n<p>----------------------------------------------- .</p>\r\n<p>&nbsp;</p>\r\n<p><strong>ADMINISTRA&Ccedil;&Atilde;O DE PEDRO SEVERO DOS SANTOS - PER&Iacute;ODO 1912 - 1914</strong></p>\r\n<p><strong>ELEI&Ccedil;&Atilde;O DO DIA 02 DE NOVEMBRO DE 1908</strong></p>\r\n<p>&nbsp;</p>\r\n<p>INTENDENTE GERAL: Pedro Severo dos Santos</p>\r\n<p>PRIMEIRO VICE-INTENDENTE: Jo&atilde;o Batista de Souza</p>\r\n<p>SEGUNDO VICE-INTENDENTE: Oscar Jos&eacute; da Costa</p>\r\n<p>&nbsp;</p>\r\n<p><strong>COMPOSI&Ccedil;&Atilde;O DA MESA DIRETORA - PER&Iacute;ODO: 1901-1903</strong></p>\r\n<p>PRESIDENTE:</p>\r\n<p>VICE-PRESIDENTE:</p>\r\n<p>PRIMEIRO-SECRET&Aacute;RIO:</p>\r\n<p>SEGUNDO-SECRET&Aacute;RIO:</p>\r\n<p>&nbsp;</p>\r\n<p><strong>COMPOSI&Ccedil;&Atilde;O DA MESA DIRETORA - PER&Iacute;ODO: 1904 / 1906</strong></p>\r\n<p>PRESIDENTE:</p>\r\n<p>VICE-PRESIDENTE:</p>\r\n<p>PRIMEIRO-SECRET&Aacute;RIO:</p>\r\n<p>SEGUNDO-SECRET&Aacute;RIO:</p>\r\n<p>&nbsp;</p>\r\n<p><strong>COMPOSI&Ccedil;&Atilde;O DA MESA DIRETORA - PER&Iacute;ODO: 1907 / 1909</strong></p>\r\n<p>PRESIDENTE:</p>\r\n<p>VICE-PRESIDENTE:</p>\r\n<p>PRIMEIRO-SECRET&Aacute;RIO:</p>\r\n<p>SEGUNDO-SECRET&Aacute;RIO:</p>\r\n<p>&nbsp;</p>\r\n<p><strong>COMPOSI&Ccedil;&Atilde;O DA MESA DIRETORA - PER&Iacute;ODO: 1910 / 1912</strong></p>\r\n<p>PRESIDENTE:</p>\r\n<p>VICE-PRESIDENTE:</p>\r\n<p>PRIMEIRO-SECRET&Aacute;RIO:</p>\r\n<p>SEGUNDO-SECRET&Aacute;RIO:</p>\r\n<p>&nbsp;</p>\r\n<p><strong>COMPOSI&Ccedil;&Atilde;O DA MESA DIRETORA - PER&Iacute;ODO: 1913 / 1915</strong></p>\r\n<p>PRESIDENTE: Vereador Jos&eacute; Simondi</p>\r\n<p>VICE-PRESIDENTE: Vereador Laudelino Eduardo Figueiredo</p>\r\n<p>PRIMEIRO-SECRET&Aacute;RIO: Vereador Sesefredo Jos&eacute; da Costa</p>\r\n<p>SEGUNDO-SECRET&Aacute;RIO:</p>\r\n<p>&nbsp;</p>\r\n<p><strong>COMPOSI&Ccedil;&Atilde;O DA MESA DIRETORA - PER&Iacute;ODO: 1916 /1918</strong></p>\r\n<p>PRESIDENTE: Vereador Laudelino Eduardo Figueiredo</p>\r\n<p>VICE-PRESIDENTE:</p>\r\n<p>PRIMEIRO-SECRET&Aacute;RIO: Vereador Vicentino Tillar Prestes</p>\r\n<p>SEGUNDO-SECRET&Aacute;RIO:</p>\r\n<p>&nbsp;</p>\r\n<p><strong>COMPOSI&Ccedil;&Atilde;O DA MESA DIRETORA - PER&Iacute;ODO: 1919 / 1921</strong></p>\r\n<p>PRESIDENTE: Vereador Alvino Ant&ocirc;nio Martins</p>\r\n<p>VICE-PRESIDENTE: Vereador Sebasti&atilde;o Mendes Malheiros</p>\r\n<p>PRIMEIRO-SECRET&Aacute;RIO: Vereador Ant&ocirc;nio A. Benevides</p>\r\n<p>SEGUNDO-SECRET&Aacute;RIO:</p>\r\n<p>&nbsp;</p>\r\n<p><strong>COMPOSI&Ccedil;&Atilde;O DA MESA DIRETORA - PER&Iacute;ODO: 1922 / 1924</strong></p>\r\n<p>PRESIDENTE: Vereador Josino de Castro</p>\r\n<p>VICE-PRESIDENTE: Vereador Manoel Coelho da Rocha</p>\r\n<p>PRIMEIRO-SECRET&Aacute;RIO: Vereador Francisco Jos&eacute; Leite</p>\r\n<p>SEGUNDO-SECRET&Aacute;RIO:</p>\r\n<p><strong>&nbsp;</strong></p>\r\n<p><strong>COMPOSI&Ccedil;&Atilde;O DA MESA DIRETORA - PER&Iacute;ODO: 1925 / 1927</strong></p>\r\n<p>PRESIDENTE: Vereador Ant&ocirc;nio Ries Coelho</p>\r\n<p>VICE-PRESIDENTE:</p>\r\n<p>PRIMEIRO-SECRET&Aacute;RIO: Vereador Bernardino Jos&eacute; de Morais</p>\r\n<p>SEGUNDO-SECRET&Aacute;RIO:</p>\r\n<p>&nbsp;</p>\r\n<p><strong>COMPOSI&Ccedil;&Atilde;O DA MESA DIRETORA - PER&Iacute;ODO: 1928 / 1930</strong></p>\r\n<p>PRESIDENTE: Vereador Ant&ocirc;nio Jo&atilde;o de Albuquerque Ferreira</p>\r\n<p>VICE-PRESIDENTE: Vereador Alcides Rodrigues Costa</p>\r\n<p>PRIMEIRO-SECRET&Aacute;RIO: Vereador Viriato da Cruz Bandeira</p>\r\n<p>SEGUNDO-SECRET&Aacute;RIO:</p>\r\n<p>&nbsp;</p>\r\n<p><strong>COMPOSI&Ccedil;&Atilde;O DA MESA DIRETORA - PER&Iacute;ODO: 1931 / 1933</strong></p>\r\n<p>PRESIDENTE:</p>\r\n<p>VICE-PRESIDENTE:</p>\r\n<p>PRIMEIRO-SECRET&Aacute;RIO:</p>\r\n<p>SEGUNDO-SECRET&Aacute;RIO:</p>\r\n<p>&nbsp;</p>\r\n<p><strong>COMPOSI&Ccedil;&Atilde;O DA MESA DIRETORA - PER&Iacute;ODO: 1934 / 1936</strong></p>\r\n<p>PRESIDENTE:</p>\r\n<p>VICE-PRESIDENTE:</p>\r\n<p>PRIMEIRO-SECRET&Aacute;RIO:</p>\r\n<p>SEGUNDO-SECRET&Aacute;RIO:</p>\r\n<p>&nbsp;</p>\r\n<p><strong>COMPOSI&Ccedil;&Atilde;O DA MESA DIRETORA - PER&Iacute;ODO: 1937 / 1939</strong></p>\r\n<p>PRESIDENTE:</p>\r\n<p>VICE-PRESIDENTE:</p>\r\n<p>PRIMEIRO-SECRET&Aacute;RIO:</p>\r\n<p>SEGUNDO-SECRET&Aacute;RIO:</p>\r\n<p><strong>&nbsp;</strong></p>\r\n<p><strong>COMPOSI&Ccedil;&Atilde;O DA MESA DIRETORA - PER&Iacute;ODO: 1940 / 1942</strong></p>\r\n<p>PRESIDENTE:</p>\r\n<p>VICE-PRESIDENTE:</p>\r\n<p>PRIMEIRO-SECRET&Aacute;RIO:</p>\r\n<p>SEGUNDO-SECRET&Aacute;RIO:</p>\r\n<p>&nbsp;</p>\r\n<p><strong>COMPOSI&Ccedil;&Atilde;O DA MESA DIRETORA - PER&Iacute;ODO: 1943 / 1945</strong></p>\r\n<p>PRESIDENTE:</p>\r\n<p>VICE-PRESIDENTE:</p>\r\n<p>PRIMEIRO-SECRET&Aacute;RIO:</p>\r\n<p>SEGUNDO-SECRET&Aacute;RIO:</p>\r\n<p>&nbsp;</p>\r\n<p><strong>COMPOSI&Ccedil;&Atilde;O DA MESA DIRETORA - PER&Iacute;ODO: 1946 / 1948</strong></p>\r\n<p>PRESIDENTE: Vereador Solon Ces&aacute;rio da Silva</p>\r\n<p>VICE-PRESIDENTE: Vereador Ant&ocirc;nio Canuto da Silva</p>\r\n<p>PRIMEIRO-SECRET&Aacute;RIO: Vereador Arc&ecirc;nio Serrou Camy</p>\r\n<p>SEGUNDO-SECRET&Aacute;RIO: Vereador Jorge Adalberto Castilho.</p>\r\n<p>&nbsp;</p>\r\n<p><strong>COMPOSI&Ccedil;&Atilde;O DA MESA DIRETORA - PER&Iacute;ODO: 1949 / 1951</strong></p>\r\n<p>PRESIDENTE: Vereador Ant&ocirc;nio Canuto da Silva</p>\r\n<p>VICE-PRESIDENTE:</p>\r\n<p>PRIMEIRO-SECRET&Aacute;RIO: Vereador Sylvio Ferreira</p>\r\n<p>SEGUNDO-SECRET&Aacute;RIO:</p>\r\n<p>&nbsp;</p>\r\n<p><strong>COMPOSI&Ccedil;&Atilde;O DA MESA DIRETORA - PER&Iacute;ODO: 1952 / 1954</strong></p>\r\n<p>PRESIDENTE: &nbsp; Vereador Prop&iacute;cio Rodrigues da Luz</p>\r\n<p>VICE-PRESIDENTE:</p>\r\n<p>PRIMEIRO-SECRET&Aacute;RIO:</p>\r\n<p>SEGUNDO-SECRET&Aacute;RIO:</p>\r\n<p>&nbsp;</p>\r\n<p><strong>COMPOSI&Ccedil;&Atilde;O DA MESA DIRETORA - PER&Iacute;ODO: 1955 / 1956</strong></p>\r\n<p>PRESIDENTE: &nbsp; Vereador Euclides Costa</p>\r\n<p>VICE-PRESIDENTE: &agrave; Vereador Manoel Garcia Sobrinho;</p>\r\n<p>PRIMEIRO-SECRET&Aacute;RIO: &agrave; Vereador Raul Benevides Santana;</p>\r\n<p>SEGUNDO-SECRET&Aacute;RIO:</p>\r\n<p>DEMAIS VEREADORES:</p>\r\n<p>&agrave; Jos&eacute; Honorato de Oliveira;</p>\r\n<p>&agrave; Vitorino Ferreira de Ara&uacute;jo;</p>\r\n<p>&agrave; Francisco Ribeiro Soares</p>\r\n<p>&agrave; Manoel do Carmo Souza</p>\r\n<p>&nbsp;</p>\r\n<p><strong>COMPOSI&Ccedil;&Atilde;O DA MESA DIRETORA - PER&Iacute;ODO: 1957 / 1958</strong></p>\r\n<p>PRESIDENTE: &agrave; Vereador Manoel do Carmo Souza</p>\r\n<p>VICE-PRESIDENTE: &agrave; Vereador Euclides Costa</p>\r\n<p>PRIMEIRO-SECRET&Aacute;RIO: &agrave; Vereador Manoel Garcia Sobrinho</p>\r\n<p>SEGUNDO-SECRET&Aacute;RIO:</p>\r\n<p>DEMAIS VEREADORES:</p>\r\n<p>&agrave; Raul Benevides Santana;</p>\r\n<p>&agrave; Vitorino Ferreira de Ara&uacute;jo;</p>\r\n<p>&agrave; Francisco Ribeiro Soares</p>\r\n<p>&nbsp;</p>\r\n<p><strong>COMPOSI&Ccedil;&Atilde;O DA MESA DIRETORA - PER&Iacute;ODO: 1958 / 1960</strong></p>\r\n<p>PRESIDENTE: Vereador Manoel Alves de Moraes J&uacute;nior</p>\r\n<p>VICE-PRESIDENTE: Vereador Manoel Garcia Sobrinho</p>\r\n<p>PRIMEIRO-SECRET&Aacute;RIO: Vereador Euclides Costa</p>\r\n<p>SEGUNDO-SECRET&Aacute;RIO:</p>\r\n<p>DEMAIS VEREADORES:</p>\r\n<p>&agrave; Adil Carlos de Souza;</p>\r\n<p>&agrave; Gumercindo Cardeal de Souza (suplente do vereador Inoc&ecirc;ncio Leoc&aacute;dio da Rosa);</p>\r\n<p>&agrave; Gediel Leit&atilde;o Melo;</p>\r\n<p>&agrave; Manoel Alves Nogueira;</p>\r\n<p>&agrave; Naor da Cruz Bandeira;</p>\r\n<p>&agrave; Raul Benevides Santana;</p>\r\n<p><strong>&nbsp;</strong></p>\r\n<p><strong>COMPOSI&Ccedil;&Atilde;O DA MESA DIRETORA</strong></p>\r\n<p><strong>PER&Iacute;ODO: 31 de janeiro de 1960 a 31 de janeiro de 1962</strong></p>\r\n<p>PRESIDENTE: Vereador Gediel Leit&atilde;o de Melo</p>\r\n<p>VICE-PRESIDENTE: Vereador Gumercindo Cardeal de Souza</p>\r\n<p>PRIMEIRO-SECRET&Aacute;RIO: Vereador Raul Benevides Santana</p>\r\n<p>SEGUNDO-SECRET&Aacute;RIO:</p>\r\n<p>DEMAIS VEREADORES:</p>\r\n<p>&agrave; Adil Carlos de Souza;</p>\r\n<p>&agrave; Manoel Alves Nogueira;</p>\r\n<p>&agrave; Naor da Cruz Bandeira;</p>\r\n<p>&nbsp;</p>\r\n<p><strong>COMPOSI&Ccedil;&Atilde;O DA MESA DIRETORA - PER&Iacute;ODO: 1963 1964</strong></p>\r\n<p>PRESIDENTE: Vereador Aureliano Marques da Silva</p>\r\n<p>VICE-PRESIDENTE: Vereador &agrave; Joaquim Lacerda Leite;</p>\r\n<p>PRIMEIRO-SECRET&Aacute;RIO: Vereador William Rodrigues Dias</p>\r\n<p>SEGUNDO-SECRET&Aacute;RIO:</p>\r\n<p>DEMAIS VEREADORES:</p>\r\n<p>&agrave; Juraci da Cruz Bandeira;</p>\r\n<p>&agrave; Jos&eacute; Lacerda Leite</p>\r\n<p>&agrave; Ruberval Ferreira (suplente convocado)</p>\r\n<p>&nbsp;</p>\r\n<p><strong>COMPOSI&Ccedil;&Atilde;O DA MESA DIRETORA</strong></p>\r\n<p><strong>PER&Iacute;ODO: 1967 / 1968</strong></p>\r\n<p>PRESIDENTE:</p>\r\n<p>VICE-PRESIDENTE:</p>\r\n<p>PRIMEIRO-SECRET&Aacute;RIO:</p>\r\n<p>SEGUNDO-SECRET&Aacute;RIO: &nbsp;</p>\r\n<p>&nbsp;</p>\r\n<p><strong>COMPOSI&Ccedil;&Atilde;O DA MESA DIRETORA</strong></p>\r\n<p><strong>PER&Iacute;ODO: 1969 / 1970</strong></p>\r\n<p>PRESIDENTE: Vereador Luiz Monteiro da Silva</p>\r\n<p>VICE-PRESIDENTE:</p>\r\n<p>PRIMEIRO-SECRET&Aacute;RIO: Vereador Donald Robert Spengler</p>\r\n<p>SEGUNDO-SECRET&Aacute;RIO:</p>\r\n<p>&nbsp;</p>\r\n<p><strong>COMPOSI&Ccedil;&Atilde;O DA MESA DIRETORA</strong></p>\r\n<p><strong>PER&Iacute;ODO: 1971 / 1972</strong></p>\r\n<p>PRESIDENTE:</p>\r\n<p>VICE-PRESIDENTE:</p>\r\n<p>PRIMEIRO-SECRET&Aacute;RIO:</p>\r\n<p>SEGUNDO-SECRET&Aacute;RIO:</p>\r\n<p>&nbsp;</p>\r\n<p><strong>COMPOSI&Ccedil;&Atilde;O DA MESA DIRETORA</strong></p>\r\n<p><strong>PER&Iacute;ODO: 1973 / 1974</strong></p>\r\n<p>PRESIDENTE: Vereador Walter Ces&aacute;rio da Silva</p>\r\n<p>VICE-PRESIDENTE: Vereador Lu&iacute;s Monteiro da Silva</p>\r\n<p>PRIMEIRO-SECRET&Aacute;RIO: Vereador Jorge Moura da Paix&atilde;o</p>\r\n<p>SEGUNDO-SECRET&Aacute;RIO: Vereadora Celina Moreira Lopes</p>\r\n<p>&nbsp;</p>\r\n<p><strong>COMPOSI&Ccedil;&Atilde;O DA MESA DIRETORA</strong></p>\r\n<p><strong>PER&Iacute;ODO: 1975 / 1976</strong></p>\r\n<p>PRESIDENTE: Vereador Luiz Monteiro da Silva</p>\r\n<p>VICE-PRESIDENTE:</p>\r\n<p>PRIMEIRO-SECRET&Aacute;RIO: Vereadora Celina Moreira Lopes</p>\r\n<p>SEGUNDO-SECRET&Aacute;RIO:</p>\r\n<p><strong>&nbsp;</strong></p>\r\n<p><strong>COMPOSI&Ccedil;&Atilde;O DA MESA DIRETORA</strong></p>\r\n<p><strong>PER&Iacute;ODO: 1977 / 1978</strong></p>\r\n<p>PRESIDENTE: Vereador Jo&atilde;o Oleg&aacute;rio Figueiredo</p>\r\n<p>VICE-PRESIDENTE: Vereador Paulo Alves Barroso</p>\r\n<p>PRIMEIRO-SECRET&Aacute;RIO: Vereador Edmundo de Barros</p>\r\n<p>SEGUNDO-SECRET&Aacute;RIO: Vereador Manoel Andrade de Oliveira</p>\r\n<p><strong>&nbsp;</strong></p>\r\n<p><strong>COMPOSI&Ccedil;&Atilde;O DA MESA DIRETORA</strong></p>\r\n<p><strong>PER&Iacute;ODO: 1979 / 1980</strong></p>\r\n<p>PRESIDENTE: Vereador &Aacute;ureo Adauto de Souza</p>\r\n<p>VICE-PRESIDENTE: Vereador Edmundo de Barros</p>\r\n<p>PRIMEIRO-SECRET&Aacute;RIO: Vereador An&iacute;bal Albino Zuleger</p>\r\n<p>SEGUNDO-SECRET&Aacute;RIO: Vereador Alcino Fernandes Carneiro</p>\r\n<p>&nbsp;</p>\r\n<p><strong>COMPOSI&Ccedil;&Atilde;O DA MESA DIRETORA</strong></p>\r\n<p><strong>PER&Iacute;ODO: 1981 / 1982</strong></p>\r\n<p>PRESIDENTE: Vereador Paulo Alves Barroso</p>\r\n<p>VICE-PRESIDENTE: Vereador Jo&atilde;o Oleg&aacute;rio Figueiredo</p>\r\n<p>PRIMEIRO-SECRET&Aacute;RIO: Vereador &Aacute;ureo Adauto de Souza</p>\r\n<p>SEGUNDO-SECRET&Aacute;RIO: Vereador Edmundo de Barros</p>\r\n<p>&nbsp;</p>\r\n<p><strong>COMPOSI&Ccedil;&Atilde;O DA MESA DIRETORA</strong></p>\r\n<p><strong>PER&Iacute;ODO: &nbsp;1983 / 1984</strong></p>\r\n<p>PRESIDENTE: Vereador &Aacute;ureo Adauto de Souza</p>\r\n<p>VICE-PRESIDENTE: Vereador Argemiro Barbosa de Souza</p>\r\n<p>PRIMEIRO-SECRET&Aacute;RIO: Vereador Valter Rodrigues da Silva</p>\r\n<p>SEGUNDO-SECRET&Aacute;RIO: Vereador Alcino Fernandes Carneiro</p>\r\n<p>&nbsp;</p>\r\n<p><strong>COMPOSI&Ccedil;&Atilde;O DA MESA DIRETORA</strong></p>\r\n<p><strong>PER&Iacute;ODO: 1985 / 1986</strong></p>\r\n<p>PRESIDENTE: Vereador Jo&atilde;o Oleg&aacute;rio Figueiredo</p>\r\n<p>VICE-PRESIDENTE: Vereador Edvaldo Jos&eacute; Bezerra</p>\r\n<p>PRIMEIRO-SECRET&Aacute;RIO: Vereador Edmir C&acirc;ndido Pereira</p>\r\n<p>SEGUNDO-SECRET&Aacute;RIO: Vereador Amoacir Alexandre</p>\r\n<p>&nbsp;</p>\r\n<p><strong>COMPOSI&Ccedil;&Atilde;O DA MESA DIRETORA</strong></p>\r\n<p><strong>PER&Iacute;ODO: 1987 / 1988</strong></p>\r\n<p>PRESIDENTE: Vereador Edvaldo Jos&eacute; Bezerra</p>\r\n<p>VICE-PRESIDENTE: Vereador Francisco Maciel de Lima</p>\r\n<p>PRIMEIRO-SECRET&Aacute;RIO: Vereador &Aacute;ureo Adauto de Souza</p>\r\n<p>SEGUNDO-SECRET&Aacute;RIO: Vereador Edmir C&acirc;ndido Pereira</p>\r\n<p>&nbsp;</p>\r\n<p><strong>COMPOSI&Ccedil;&Atilde;O DA MESA DIRETORA</strong></p>\r\n<p><strong>PER&Iacute;ODO: 1989 / 1990</strong></p>\r\n<p>PRESIDENTE: Vereador Nacir Gomes Proen&ccedil;a</p>\r\n<p>VICE-PRESIDENTE: Vereador Amoacir Alexandre</p>\r\n<p>PRIMEIRO-SECRET&Aacute;RIO: Vereador Valter Rodrigues da Silva</p>\r\n<p>SEGUNDO-SECRET&Aacute;RIO: Vereador Assis Pimenta dos Reis</p>\r\n<p><strong>&nbsp;</strong></p>\r\n<p><strong>COMPOSI&Ccedil;&Atilde;O DA MESA DIRETORA</strong></p>\r\n<p><strong>PER&Iacute;ODO: 1991 / 1992</strong></p>\r\n<p>PRESIDENTE: Vereador Edvaldo Jos&eacute; Bezerra</p>\r\n<p>VICE-PRESIDENTE: Vereador Nacir Gomes Proen&ccedil;a</p>\r\n<p>PRIMEIRO-SECRET&Aacute;RIO: Vereador Irmo Rodrigues de Souza</p>\r\n<p>SEGUNDO-SECRET&Aacute;RIO: Vereador Joaquim Jo&atilde;o de Alencar</p>\r\n<p>&nbsp;</p>\r\n<p><strong>COMPOSI&Ccedil;&Atilde;O DA MESA DIRETORA</strong></p>\r\n<p><strong>PER&Iacute;ODO: 1993 / 1994</strong></p>\r\n<p>PRESIDENTE: Vereador Gilberto Reginaldo dos Santos</p>\r\n<p>VICE-PRESIDENTE: Vereador Valter Rodrigues da Silva</p>\r\n<p>PRIMEIRO-SECRET&Aacute;RIO: Vereador Severino Rufino dos Santos</p>\r\n<p>SEGUNDO-SECRET&Aacute;RIO: Vereador Edvaldo Jos&eacute; Bezerra</p>\r\n<p><strong>&nbsp;</strong></p>\r\n<p><strong>COMPOSI&Ccedil;&Atilde;O DA MESA DIRETORA</strong></p>\r\n<p><strong>PER&Iacute;ODO: 1995 / 1996</strong></p>\r\n<p>PRESIDENTE: Vereador Ov&iacute;dio Cervieri</p>\r\n<p>VICE-PRESIDENTE: Vereador Severino Rufino dos Santos</p>\r\n<p>PRIMEIRO-SECRET&Aacute;RIO: Vereador Anacleto da Silva Sobrinho</p>\r\n<p>SEGUNDO-SECRET&Aacute;RIO: Vereador Edmir C&acirc;ndido Pereira</p>\r\n<p>&nbsp;</p>\r\n<p><strong>COMPOSI&Ccedil;&Atilde;O DA MESA DIRETORA</strong></p>\r\n<p><strong>PER&Iacute;ODO: 1997 / 1998</strong></p>\r\n<p>PRESIDENTE: Vereador Edmir C&acirc;ndido Pereira</p>\r\n<p>VICE-PRESIDENTE: Vereador Carlos Zanin de Almeida</p>\r\n<p>PRIMEIRO-SECRET&Aacute;RIO: Vereador Ov&iacute;dio Cervieri</p>\r\n<p>SEGUNDO-SECRET&Aacute;RIO: Vereador Elson Paulino da Silva</p>\r\n<p>&nbsp;</p>\r\n<p><strong>COMPOSI&Ccedil;&Atilde;O DA MESA DIRETORA</strong></p>\r\n<p><strong>PER&Iacute;ODO: 1999 / 2000</strong></p>\r\n<p>PRESIDENTE: Vereador Anacleto da Silva Sobrinho</p>\r\n<p>VICE-PRESIDENTE: Vereador Ov&iacute;dio Cervieri</p>\r\n<p>PRIMEIRO-SECRET&Aacute;RIO: Vereadora Ol&iacute;via Campos Melo Fontoura</p>\r\n<p>SEGUNDO-SECRET&Aacute;RIO: Vereador Edmir C&acirc;ndido Pereira</p>\r\n<p>&nbsp;</p>\r\n<p><strong>COMPOSI&Ccedil;&Atilde;O DA MESA DIRETORA</strong></p>\r\n<p><strong>PER&Iacute;ODO: 2001 / 2002</strong></p>\r\n<p>PRESIDENTE: Vereadora Dinalva Garcia Lemos de Morais Mour&atilde;o</p>\r\n<p>VICE-PRESIDENTE: Vereador Bertolino Teodoro da Silva</p>\r\n<p>PRIMEIRO-SECRET&Aacute;RIO: Vereador Nacir Gomes Proen&ccedil;a</p>\r\n<p>SEGUNDO-SECRET&Aacute;RIO: Vereador Edmir C&acirc;ndido Pereira, at&eacute; 21/05/2001, quando</p>\r\n<p>&nbsp; &nbsp; &nbsp; &nbsp; &nbsp; &nbsp; &nbsp; &nbsp; &nbsp; &nbsp; &nbsp; &nbsp; &nbsp; &nbsp; &nbsp; &nbsp; &nbsp; &nbsp; &nbsp; &nbsp; &nbsp; &nbsp; &nbsp; &nbsp; desligou-se do Partido Democr&aacute;tico Trabalhista.</p>\r\n<p>&nbsp; &nbsp; &nbsp; &nbsp; &nbsp; &nbsp; &nbsp; &nbsp; &nbsp; &nbsp; &nbsp; &nbsp; &nbsp; &nbsp; &nbsp; &nbsp; &nbsp; &nbsp; &nbsp; &nbsp; &nbsp; &nbsp; &nbsp; &nbsp; Vereador Geraldo Martins Gomes, a partir de ent&atilde;o.</p>\r\n<p>&nbsp;</p>\r\n<p><strong>COMPOSI&Ccedil;&Atilde;O DA MESA DIRETORA</strong></p>\r\n<p><strong>PER&Iacute;ODO: 2003 / 2004</strong></p>\r\n<p>&nbsp; &nbsp; &nbsp; &nbsp; PRESIDENTE: &nbsp; Vereador Nacir Gomes Proen&ccedil;a</p>\r\n<p>VICE-PRESIDENTE: Vereadora Marilene F&aacute;tima Gasperin do Lago</p>\r\n<p>PRIMEIRO-SECRET&Aacute;RIO: Vereador Vereador Edmir C&acirc;ndido Pereira</p>\r\n<p>SEGUNDO-SECRET&Aacute;RIO: Vereador Geraldo Martins Gomes</p>\r\n<p>&nbsp;</p>\r\n<p><strong>COMPOSI&Ccedil;&Atilde;O DA MESA DIRETORA</strong></p>\r\n<p><strong>PER&Iacute;ODO: 2005 / 2006</strong></p>\r\n<p>PRESIDENTE: &nbsp; Vereador Edvaldo Jos&eacute; Bezerra</p>\r\n<p>VICE-PRESIDENTE: Vereador Ivaldo Ferreira Lopes</p>\r\n<p>PRIMEIRO-SECRET&Aacute;RIO: Vereador Edmir C&acirc;ndido Pereira</p>\r\n<p>SEGUNDO-SECRET&Aacute;RIO: Vereador Irmo Rodrigues de Souza</p>\r\n<p>&nbsp;</p>\r\n<p><strong>COMPOSI&Ccedil;&Atilde;O DA MESA DIRETORA</strong></p>\r\n<p><strong>PER&Iacute;ODO: 2007 / 2008</strong></p>\r\n<p>PRESIDENTE: &nbsp; Vereador Adilson do Detran</p>\r\n<p>VICE-PRESIDENTE: Vereador Edmir C&acirc;ndido Pereira</p>\r\n<p>PRIMEIRO-SECRET&Aacute;RIO: Vereador Ivaldo Ferreira Lopes</p>\r\n<p>SEGUNDO-SECRET&Aacute;RIO: Vereador Irmo Rodrigues de Souza</p>\r\n<p>&nbsp; &nbsp; &nbsp; &nbsp; &nbsp; &nbsp; &nbsp; &nbsp; &nbsp; &nbsp; &nbsp; &nbsp; &nbsp; &nbsp; &nbsp; &nbsp; &nbsp; &nbsp; &nbsp; &nbsp; &nbsp; &nbsp; &nbsp; &nbsp; &nbsp; &nbsp; &nbsp; &nbsp; &nbsp; &nbsp;</p>\r\n<p>ESTADO DE MATO GROSSO DO SUL</p>\r\n<p>&nbsp;C&Acirc;MARA MUNICIPAL DE COXIM COMPOSI&Ccedil;&Atilde;O DA MESA DIRETORA &nbsp; - PER&Iacute;ODO: 2007 / 2008</p>\r\n<p>&nbsp;</p>\r\n<p>PRESIDENTE: &nbsp; <strong>Vereador Adilson Ferreira do Lago</strong>&nbsp;- Adilson do Detran - PDT</p>\r\n<p>NOME: Adilson Ferreira do Lago &nbsp; PDT DATA/NASCIMENTO: 04/09/1965 LOCAL DE NASCIMENTO: &nbsp; F&ecirc;nix - Paran&aacute; UF: PR SEXO: Masculino ENDERE&Ccedil;O: Rua Ant&ocirc;nio dos Santos Mour&atilde;o, 234 &nbsp; &nbsp; / &nbsp; &nbsp; CELULAR: 9963-3334 BAIRRO: &nbsp; Bairro S&atilde;o Judas Tadeu FILIA&Ccedil;&Atilde;O: Marciano Ferreira Filho e &Eacute;ster Ferreira do Lago PROFISS&Atilde;O: Advogado &nbsp; TELEFONE: 3291-1539 &nbsp;E-MAIL &agrave; adilson@camaracoxim.ms.gov.br C&Ocirc;NJUGE Marilene F&aacute;tima Gasperin do Lago &nbsp; &nbsp; ASSESSOR LEGISLATIVO: Senhora Rute Santana de Souza Fischer - RAMAL: 23 &nbsp; &nbsp; &nbsp; &nbsp; &nbsp; &nbsp; &nbsp; &nbsp;</p>\r\n<p>&nbsp;</p>\r\n<p>VICE-PRESIDENTE: &nbsp;<strong>Vereador Samuel Miguel da Silva</strong>&nbsp;- Samuel Torneiro - PT</p>\r\n<p>NOME: Samuel Miguel da Silva &nbsp; &nbsp; PT DATA/NASCIMENTO: 23/01/1960 LOCAL DE NASCIMENTO: Cleveland UF: PR SEXO: Masculino ENDERE&Ccedil;O: Rua Porto Alegre, 108 &nbsp; &nbsp; / &nbsp; &nbsp; CELULAR: 9963-6754 BAIRRO: Bairro S&atilde;o Judas Tadeu FILIA&Ccedil;&Atilde;O: Miguel Jo&atilde;o da Silva e Odila Lazarin da Silva PROFISS&Atilde;O: Torneiro Mec&acirc;nico &nbsp; TELEFONE: 3291-1539</p>\r\n<p>E-MAIL &agrave; samuel@camaracoxim.ms.gov.br</p>\r\n<p>C&Ocirc;NJUGE Rose Mary Lemos de Oliveira &nbsp; &nbsp; ASSESSOR LEGISLATIVO: Senhor Adriano - RAMAL 22 &nbsp; &nbsp; &nbsp; &nbsp; &nbsp; &nbsp; &nbsp;</p>\r\n<p>&nbsp;</p>\r\n<p>PRIMEIRO-SECRET&Aacute;RIO: &nbsp;<strong>Vereador Ivaldo Ferreira Lopes</strong>&nbsp;- Ivaldo Lopes - PDT</p>\r\n<p>NOME: Ivaldo Ferreira Lopes &nbsp; PDT DATA/NASCIMENTO: 08/05/1968 LOCAL DE NASCIMENTO: Bandeirantes/Camapu&atilde; UF: MS SEXO: Masculino ENDERE&Ccedil;O: Rua Valdiley Robaina Santos, 115 &agrave; CELULAR: 9963-6753 BAIRRO: Residencial Lagoa Dourado - Fl&aacute;vio Garcia FILIA&Ccedil;&Atilde;O: Fernando Ferreira Lopes e Sebastiana Soares Lopes PROFISS&Atilde;O: Radialista EMPRESA: R&aacute;dio Vale do Taquari &nbsp; TELEFONE: 3291-1539</p>\r\n<p>E-MAIL &agrave; Ivaldo.lopes@camaracoxim.ms.gov.br</p>\r\n<p>C&Ocirc;NJUGE Wiveth Leiner F&eacute;lix dos Santos &nbsp; &nbsp; ASSESSOR LEGISLATIVO: Senhor Advanir - RAMAL 21 &nbsp; &nbsp; &nbsp; &nbsp; &nbsp; &nbsp; &nbsp;</p>\r\n<p>&nbsp;</p>\r\n<p>SEGUNDO-SECRET&Aacute;RIO: &nbsp;<strong>Vereadora Ivone Aparecida Oliveira</strong>&nbsp;- Ivone Zanin - PT</p>\r\n<p>NOME: Ivone Aparecida Oliveira &nbsp; &nbsp; &nbsp; &nbsp; &nbsp; &nbsp; &nbsp; &nbsp; PT DATA/NASCIMENTO: 17/04/1.953 LOCAL DE NASCIMENTO: Adamantina UF: SP SEXO: Feminino ENDERE&Ccedil;O: Rua 11 de Abril, 63 &nbsp; &nbsp; &nbsp; &nbsp; &nbsp; / &nbsp; CELULAR: 9963-1706 BAIRRO: Fl&aacute;vio Garcia FILIA&Ccedil;&Atilde;O: Jos&eacute; Nair Oliveira e Mariana Assis de Oliveira Lopes PROFISS&Atilde;O: Professor EMPRESA: Poder Executivo - Sec. Educa&ccedil;&atilde;o TELEFONE: 3291-1539</p>\r\n<p>E-MAIL &agrave; Ivone.zanin@camaracoxim.ms.gov.br</p>\r\n<p>&nbsp; C&Ocirc;NJUGE Carlos Zanin de Almeida &nbsp; &nbsp; &nbsp; ASSESSOR LEGISLATIVO: Senhorita Maria Helena &nbsp; &nbsp; &nbsp; &nbsp; &nbsp; &nbsp; RAMAL 45 &nbsp; &nbsp; &nbsp; &nbsp; &nbsp; &nbsp; &nbsp; &nbsp; &nbsp; &nbsp;</p>\r\n<p>&nbsp; &nbsp; &nbsp; &nbsp; &nbsp; &nbsp; &nbsp; &nbsp; &nbsp; &nbsp; &nbsp; &nbsp; &nbsp; &nbsp; &nbsp; &nbsp; &nbsp; &nbsp; &nbsp; &nbsp; &nbsp; &nbsp; &nbsp; &nbsp; &nbsp; &nbsp; &nbsp; &nbsp; &nbsp; &nbsp; &nbsp; &nbsp;</p>\r\n<p>ESTADO DE MATO GROSSO DO SUL</p>\r\n<p>&nbsp;C&Acirc;MARA MUNICIPAL DE COXIM</p>\r\n<p>&nbsp;</p>\r\n<p><strong>DEMAIS VEREADORES:</strong></p>\r\n<p>Amoacir Alexandre - PMDB NOME: Amoacir Alexandre &nbsp; &nbsp; PMDB DATA/NASCIMENTO: 23/11/1944 LOCAL DE NASCIMENTO: Jaraguari UF: &nbsp; MS SEXO: Masculino ENDERE&Ccedil;O: Sede do Distrito de S&atilde;o Rom&atilde;o &nbsp; &nbsp; / &nbsp; &nbsp; CELULAR: 9963-3337 BAIRRO: Zona Rural FILIA&Ccedil;&Atilde;O: Pedro Alexandre e Filomena Alexandre PROFISS&Atilde;O: Produtor Rural EMPRESA: Aut&ocirc;nomo TELEFONE: 3291-1539</p>\r\n<p>E-MAIL amoacir.alexandre@camaracoxim.ms.gov.br</p>\r\n<p>C&Ocirc;NJUGE Severina Maria Alexandre &nbsp; &nbsp; ASSESSOR LEGISLATIVO: Senhora S&ocirc;nia &nbsp; &nbsp; RAMAL 26 &nbsp; &nbsp; &nbsp; &nbsp; &nbsp; &nbsp; &nbsp;</p>\r\n<p>&nbsp;</p>\r\n<p>Cl&oacute;vis Sylvestre Sant&acute;Ana - PT NOME: Cl&oacute;vis Silvestre Sant`Ana &nbsp; PT DATA/NASCIMENTO: 18/12/1951 LOCAL DE NASCIMENTO: Votuporanga UF: &nbsp; SP SEXO: Masculino ENDERE&Ccedil;O: Travessa Jos&eacute;, 07 &nbsp; &nbsp; &nbsp; &nbsp; &nbsp; / &nbsp; &nbsp; &nbsp; CELULAR: 9963-6756 BAIRRO: Centro FILIA&Ccedil;&Atilde;O: Jo&atilde;o Silvestre Santana Iolanda Vespa Sant&acute;ana PROFISS&Atilde;O: Advogado EMPRESA: Poder Judici&aacute;rio Estadual - Defensoria P&uacute;blica TELEFONE: 3291-1539</p>\r\n<p>E-MAIL clovis@camaracoxim.ms.gov.br</p>\r\n<p>C&Ocirc;NJUGE Maria Am&eacute;lia Ara&uacute;jo Sant&acute;Ana &nbsp; &nbsp; ASSESSOR LEGISLATIVO: Senhorita Daniele &nbsp; &nbsp; &nbsp; RAMAL 25 &nbsp; &nbsp; &nbsp; &nbsp; &nbsp; &nbsp; &nbsp;</p>\r\n<p>&nbsp;</p>\r\n<p>Edmir C&acirc;ndido Pereira - PMDB NOME: Edmir C&acirc;ndido Pereira &nbsp; PMDB DATA/NASCIMENTO: 21/01/1956 LOCAL DE NASCIMENTO: Bandeirantes UF: &nbsp; MS SEXO: Masculino ENDERE&Ccedil;O: Rua Santa Catarina, 06 - Conjunto Residencial Jardim dos Estados BAIRRO: Fl&aacute;vio Garcia &nbsp; &nbsp; &nbsp; &nbsp; &nbsp; &nbsp; &nbsp; &nbsp; &nbsp; &nbsp; &nbsp; / &nbsp; &nbsp; &nbsp; CELULAR: 9963-3343 FILIA&Ccedil;&Atilde;O: Jos&eacute; C&acirc;ndido da Silva e Aurides Pereira da Silva PROFISS&Atilde;O: Radialista EMPRESA: TELEFONE: 3291-1539</p>\r\n<p>E-MAIL edmir@camaracoxim.ms.gov.br</p>\r\n<p>C&Ocirc;NJUGE S&ocirc;nia Braga dos Santos C&acirc;ndido &nbsp; &nbsp; ASSESSOR LEGISLATIVO: Senhora Marli &nbsp; &nbsp; RAMAL 48 &nbsp; &nbsp; &nbsp; &nbsp; &nbsp; &nbsp; &nbsp;</p>\r\n<p>&nbsp; &nbsp; &nbsp; &nbsp; &nbsp; &nbsp; &nbsp; &nbsp; &nbsp; &nbsp; &nbsp; &nbsp; &nbsp; &nbsp; &nbsp; &nbsp; &nbsp; &nbsp; &nbsp; &nbsp; &nbsp; &nbsp; &nbsp; &nbsp; &nbsp; &nbsp; &nbsp; &nbsp; &nbsp; &nbsp; &nbsp; &nbsp;</p>\r\n<p>ESTADO DE MATO GROSSO DO SUL</p>\r\n<p>&nbsp;C&Acirc;MARA MUNICIPAL DE COXIM</p>\r\n<p>&nbsp;</p>\r\n<p>Edvaldo Jos&eacute; Bezerra - PDT NOME: Edvaldo Jos&eacute; Bezerra &nbsp; &nbsp; PDT DATA/NASCIMENTO: 22/02/1963 LOCAL DE NASCIMENTO: Coxim UF: &nbsp; MS SEXO: Masculino ENDERE&Ccedil;O: Rua Filinto Muller &nbsp; &nbsp; &nbsp; &nbsp; &nbsp; &nbsp; &nbsp; / &nbsp; &nbsp; &nbsp; CELULAR: 9963-3349 BAIRRO: Centro FILIA&Ccedil;&Atilde;O: Jos&eacute; Moacir Bezerra e Leonora da Silva Bezerra PROFISS&Atilde;O: Advogado EMPRESA: Profissional liberal TELEFONE: 3291-1539</p>\r\n<p>E-MAIL edvaldo.bezerra@camaracoxim.ms.gov.br</p>\r\n<p>C&Ocirc;NJUGE Ant&ocirc;nia Maria Pereira Neta &nbsp; &nbsp; ASSESSOR LEGISLATIVO: Senhora Jocenir (Guinha) &nbsp; &nbsp; &nbsp; &nbsp; &nbsp; &nbsp; &nbsp; &nbsp; RAMAL 31 &nbsp; &nbsp; &nbsp; &nbsp; &nbsp; &nbsp; &nbsp;</p>\r\n<p>&nbsp;</p>\r\n<p>Irmo Rodrigues de Souza - PMDB</p>\r\n<p>NOME: Irmo Rodrigues de Souza &nbsp; PMDB DATA/NASCIMENTO: 10/09/1955 LOCAL DE NASCIMENTO: Coxim UF: &nbsp; MS SEXO: Masculino ENDERE&Ccedil;O: Rua Brasiliano, 90 &nbsp; &nbsp; &nbsp; &nbsp; &nbsp; &nbsp; &nbsp; &nbsp; / &nbsp; &nbsp; CELULAR: 9963-3345 BAIRRO: Vila Santa Maria FILIA&Ccedil;&Atilde;O: Virgulino Rodrigues de Souza e Genezi Moreira da Silva PROFISS&Atilde;O: &nbsp; &nbsp; &nbsp; &nbsp; EMPRESA: TELEFONE: 3291-1539</p>\r\n<p>E-MAIL irmo@camaracoxim.ms.gov.br</p>\r\n<p>C&Ocirc;NJUGE Marina Piva Domingo &nbsp; &nbsp; ASSESSOR LEGISLATIVO: Senhor Gl&eacute;gio Fontoura Silva Filho &nbsp; RAMAL 49 &nbsp; &nbsp; &nbsp; &nbsp; &nbsp; &nbsp; &nbsp;</p>\r\n<p>&nbsp;</p>\r\n<p>REGISTROS DOS VEREADORES ELEITOS DESDE 1947 AT&Eacute; 2004</p>\r\n<p>ELEI&Ccedil;&Atilde;O DE 03/10/1947</p>\r\n<p><strong>DATA DA POSSE: 19/11/1947</strong></p>\r\n<p><strong>PER&Iacute;ODO: 19/11/1947 a 03/10/1950</strong></p>\r\n<p><strong>PREFEITO: Alaor Garcia da Silveira </strong></p>\r\n<p><strong>SUBPREFEITO:</strong></p>\r\n<p>&nbsp;</p>\r\n<p>&nbsp;DATA DA POSSE: 19/11/1947</p>\r\n<p>VEREADORES ELEITOS:</p>\r\n<p>1) &agrave; Vereador Ant&ocirc;nio Canuto da Silva - PSD;</p>\r\n<p>2) &agrave; Vereador Arc&ecirc;nio Serrou Camy - UDN;</p>\r\n<p>3) &agrave; Vereador Eliseu Torquato da Silva - PSD;</p>\r\n<p>4) &agrave; Vereador Jorge Adalberto Castilho - PSD;</p>\r\n<p>5) &agrave; Vereador Prop&iacute;cio Rodrigo da Luz - UDN;</p>\r\n<p>6) &agrave; Vereador S&oacute;lon Ces&aacute;rio da Silva - UDN;</p>\r\n<p>7) &agrave; Vereador S&iacute;lvio Ferreira - PSD.</p>\r\n<p>&nbsp;</p>\r\n<p>TEMPO DE MANDATO: 1.045 dias: 02 anos, 01 m&ecirc;s e 15 dias.</p>\r\n<p>1947 &agrave; 42 dias; &nbsp; 1948 &agrave; 366 dias; &nbsp; 1949 &agrave; 365 dias; &nbsp; 1950 &agrave; 272 dias</p>\r\n<p>&nbsp;</p>\r\n<p>HOUVE SUPLENTES? ( &nbsp; ) SIM &nbsp; ( x ) N&Atilde;O: QUAIS E POR QUE MOTIVO(S)?</p>\r\n<p>&nbsp;</p>\r\n<p>MESA DIRETORA:</p>\r\n<p>Presidente: Vereador S&oacute;lon Ces&aacute;rio da Silva;</p>\r\n<p>Vice-Presidente: Vereador Ant&ocirc;nio Canuto da Silva;</p>\r\n<p>Primeiro-Secret&aacute;rio: Vereador Arc&ecirc;nio Serrou Camy;</p>\r\n<p>Segundo-Secret&aacute;rio: Vereador Jorge Adalberto Castilho.</p>\r\n<p><strong>&nbsp;</strong></p>\r\n<p>FATOS MARCANTES:</p>\r\n<p>&nbsp;</p>\r\n<p>Restabelecimento da Democracia no Pa&iacute;s;</p>\r\n<p>Comparecimento &agrave; C&acirc;mara Municipal, o senhor Salviano Mendes Fontoura, eleito pela primeira vez, Deputado Estadual;</p>\r\n<p>O vereador Jorge Adalberto Castilho, em 24/11/1947, reivindicou a constru&ccedil;&atilde;o e instala&ccedil;&atilde;o de um Posto M&eacute;dico, em Hercul&acirc;nea, alegando a necessidade de melhor assist&ecirc;ncia &agrave; sa&uacute;de da popula&ccedil;&atilde;o;</p>\r\n<p>Cria&ccedil;&atilde;o das Subprefeituras nos Distritos de Coronel Galv&atilde;o e Camapu&atilde;;</p>\r\n<p>Desinteresse por parte do Legislativo Municipal, ficando a C&acirc;mara dois meses sem realizar reuni&otilde;es;</p>\r\n<p>Falecimento do Subprefeito do Distrito de Coronel Galv&atilde;o, senhor Porf&iacute;rio Gon&ccedil;alves;</p>\r\n<p>Aquisi&ccedil;&atilde;o pelo munic&iacute;pio, de seu primeiro ve&iacute;culo motorizado, um caminh&atilde;o marca Chevrolet (GMC) ano 1948;</p>\r\n<p>Cria&ccedil;&atilde;o da Escola Municipal na povoa&ccedil;&atilde;o do Taquarizinho;</p>\r\n<p>Constru&ccedil;&atilde;o da ponte sobre o Rio Taquari, denominada Campeiro, hoje Distrito de Silviol&acirc;ndia;</p>\r\n<p>Os primeiros professores das Escolas Supletivas, foram: C&acirc;ndido Jos&eacute; Vieira e Miguel de Castro e Silva;</p>\r\n<p>Emenda apresentada pelo deputado federal Wandoni de Barros, em que pleiteava o in&iacute;cio da constru&ccedil;&atilde;o da Estrada de Ferro Noroeste do Brasil, do ramal Campo Grande / Cuiab&aacute;&acute;;</p>\r\n<p>Retorno da denomina&ccedil;&atilde;o de Hercul&acirc;nea para Coxim, conforme Projeto apresentado &agrave; Assembl&eacute;ia Legislativa, pelo deputado Nelson de Souza;</p>\r\n<p>Implanta&ccedil;&atilde;o do Centro Municipal da Legi&atilde;o Brasileira de Assist&ecirc;ncia, dirigido por Raul Benevides Sant&acute;Anna, Lucinda Bernardo e Terezinha de Jesus Sant&acute;Anna;</p>\r\n<p>Constru&ccedil;&atilde;o da Ag&ecirc;ncia Telegr&aacute;fica;</p>\r\n<p>Visita do ex-chefe de Pol&iacute;cia do Distrito Federal, senador Filinto Muller;</p>\r\n<p>Emancipa&ccedil;&atilde;o do Distrito de Camapu&atilde;, em 24 de dezembro de 1948;</p>\r\n<p>Constru&ccedil;&atilde;o do Hospital Beneficente de Coxim - Santa Casa.</p>\r\n<p><strong>&nbsp;</strong></p>\r\n<p><strong>ELEI&Ccedil;&Atilde;O DE 03/10/1950</strong></p>\r\n<p><strong>POSSE: 31/01/1951</strong></p>\r\n<p><strong>PER&Iacute;ODO: 31/01/1951 a 01/06/1951</strong></p>\r\n<p><strong>PREFEITO: Manoel Lino D&acute;&Aacute;vila</strong></p>\r\n<p><strong>SUB-PREFEITO: M&aacute;rio Bacha</strong></p>\r\n<p>DATA DA POSSE: 31/01/1951</p>\r\n<p>&nbsp;</p>\r\n<p>PER&Iacute;ODO: 31/01/1951 a 31/01/1955</p>\r\n<p>VEREADORES ELEITOS:</p>\r\n<p>1) &agrave; Vereador Aminadab Nonato de Oliveira - PSD;</p>\r\n<p>2) &agrave; Vereador Ant&ocirc;nio dos Santos Mour&atilde;o - UDN;</p>\r\n<p>3) &agrave; Vereador M&aacute;rio Mateus de Oliveira - UDN;</p>\r\n<p>4) &agrave; Vereador N&eacute;lson Alves da Silva - PSD;</p>\r\n<p>5) &agrave; Vereador Prop&iacute;cio Rodrigo da Luz - UDN;</p>\r\n<p>6) &agrave; Vereador Thomaz Barbosa Rangel - PSD;</p>\r\n<p>7) &agrave; Vereador Viriato da Cruz Bandeira - PSD.</p>\r\n<p>TEMPO DE MANDATO: Vide administra&ccedil;&atilde;o de M&aacute;rio Bacha</p>\r\n<p>HOUVE SUPLENTES? ( x ) SIM &nbsp; ( &nbsp; ) N&Atilde;O: QUAIS E POR QUE MOTIVO(S)? No dia 01/02/1951, os vereadores Vereador Thomaz Barbosa Rangel e Vereador N&eacute;lson Alves da Silva, requereram e obtiveram licen&ccedil;a para tratamento de sa&uacute;de por 180 dias. Foram convocados e empossados no dia 02/02/1951, os suplentes de vereadores: Wyser Rodrigues e C&acirc;ndido Jos&eacute; Vieira. Em 07/03/1951, Vereador Viriato da Cruz Bandeira requereu e obteve 90 dias de licen&ccedil;a, sendo convocado o suplente de Vereador Joaquim Theodoro de Carvalho. Vereador Aminadab Nonato de Oliveira, eleito, mas n&atilde;o empossado por for&ccedil;a maior, fora substitu&iacute;do pelo suplente de Vereador Jos&eacute; Honorato de Oliveira. Com o falecimento do Prefeito, assassinado as 22 h, no dia 01/06/1951, em Campo Grande, em 02/06/1951 a Mesa Diretora empossou na vaga de Prefeito Municipal o ent&atilde;o presidente da C&acirc;mara, Vereador Prop&iacute;cio Rodrigues da Luz, e, em 07/06/1951 foi empossado no cargo de Presidente do Legislativo Municipal, o Vereador Ant&ocirc;nio dos Santos Mour&atilde;o. MESA DIRETORA: Primeiro-Presidente: Vereador Prop&iacute;cio Rodrigues da Luz (31/01/1951 a 02/06/1951); Segundo-Presidente: Vereador Ant&ocirc;nio dos Santos Mour&atilde;o (07/06/1951 a 11/08/1951); Primeiro-Secret&aacute;rio: Segundo-Secret&aacute;rio:</p>\r\n<p>&nbsp;</p>\r\n<p><strong>ELEI&Ccedil;&Atilde;O DE 11/08/1951</strong></p>\r\n<p><strong>PER&Iacute;ODO: 11/08/1951 a 03/10/1954</strong></p>\r\n<p><strong>PREFEITO: M&aacute;rio Bacha &nbsp; &nbsp;</strong></p>\r\n<p><strong>SUB-PREFEITO:</strong></p>\r\n<p><strong>DATA DA POSSE: 11/08/1951</strong></p>\r\n<p>DATA DA POSSE: 31/01/1951</p>\r\n<p>&nbsp;</p>\r\n<p>PER&Iacute;ODO: 31/01/1951 a 31/01/1955</p>\r\n<p>TEMPO DE MANDATO: 04 anos, 00 m&ecirc;s e 00 dia</p>\r\n<p>VEREADORES ELEITOS:</p>\r\n<p>1) &agrave; Vereador Aminadab Nonato de Oliveira - PSD;</p>\r\n<p>2) &agrave; Vereador Ant&ocirc;nio dos Santos Mour&atilde;o - UDN;</p>\r\n<p>3) &agrave; Vereador M&aacute;rio Mateus de Oliveira - UDN;</p>\r\n<p>4) &agrave; Vereador &Eacute;lson Alves da Silva - PSD;</p>\r\n<p>5) &agrave; Vereador Prop&iacute;cio Rodrigo da Luz - UDN;</p>\r\n<p>6) &agrave; Vereador Thomaz Barbosa Rangel - PSD;</p>\r\n<p>7) &agrave; Vereador Viriato da Cruz Bandeira - PSD.</p>\r\n<p>HOUVE SUPLENTES? ( &nbsp; ) SIM &nbsp; ( x ) N&Atilde;O: QUAIS E POR QUE MOTIVO(S)?</p>\r\n<p>&nbsp;</p>\r\n<p>MESA DIRETORA:</p>\r\n<p>Presidente: Vereador Prop&iacute;cio Rodrigues da Luz (31/01/1951 a 02/06/1951);</p>\r\n<p>Presidente: Vereador Ant&ocirc;nio dos Santos Mour&atilde;o (07/06/1951 a 11/08/1951);</p>\r\n<p>Primeiro-Secret&aacute;rio:</p>\r\n<p>Segundo-Secret&aacute;rio:</p>\r\n<p><strong>&nbsp;</strong></p>\r\n<p><strong>ELEI&Ccedil;&Atilde;O DE 03/10/1954</strong></p>\r\n<p><strong>PER&Iacute;ODO: 31/01/1955 a 31/01/1958</strong></p>\r\n<p><strong>PREFEITO: Sylvio Ferreira</strong></p>\r\n<p><strong>VICE-PREFEITO: Viriato da Cruz Bandeira</strong></p>\r\n<p><strong>DATA DA POSSE: 31/01/1955</strong></p>\r\n<p>VEREADORES ELEITOS: DATA DA POSSE: 31/01/1955</p>\r\n<p>&nbsp;</p>\r\n<p>PER&Iacute;ODO: 31/01/1955 a 31/01/1958</p>\r\n<p>TEMPO DE MANDATO: 03 anos, 00 m&ecirc;s e 00 dia</p>\r\n<p>1) &agrave; Vereador Euclides Costa - PSD;</p>\r\n<p>2) &agrave; Vereador Francisco Ribeiro Soares - UDN;</p>\r\n<p>3) &agrave; Vereador Jos&eacute; Honorato de Oliveira - PSD;</p>\r\n<p>4) &agrave; Vereador Manoel do Carmo e Souza - PSD;</p>\r\n<p>5) &agrave; Vereador Manoel Garcia Sobrinho - PSD;</p>\r\n<p>6) &agrave; Vereador Raul Benevides Sant&acute;Anna - UDN;</p>\r\n<p>7) &agrave; Vereador Victorino Manito Ferreira de Ara&uacute;jo - PSD.</p>\r\n<p>HOUVE SUPLENTES? ( &nbsp; ) SIM &nbsp; ( x ) N&Atilde;O: QUAIS E POR QUE MOTIVO(S)?</p>\r\n<p>&nbsp;</p>\r\n<p>MESA DIRETORA: &agrave; Bi&ecirc;nio 1955/1956</p>\r\n<p>Presidente: Vereador Manoel do Carmo e Souza</p>\r\n<p>Primeiro-Secret&aacute;rio:</p>\r\n<p>Segundo-Secret&aacute;rio:</p>\r\n<p><strong>&nbsp;</strong></p>\r\n<p><strong>&nbsp;</strong><strong>ELEI&Ccedil;&Atilde;O DE 03/10/1958</strong></p>\r\n<p><strong>PER&Iacute;ODO: 31/01/1959 a 31/01/1962</strong></p>\r\n<p><strong>PREFEITO: Alaor Garcia da Silveira</strong></p>\r\n<p><strong>VICE-PREFEITO:</strong></p>\r\n<p><strong>DATA DA POSSE: 31/01/1959</strong></p>\r\n<p>VEREADORES ELEITOS: DATA DA POSSE: 31/01/1959</p>\r\n<p>&nbsp;</p>\r\n<p>PER&Iacute;ODO: 31/01/1959 a 31/01/1962</p>\r\n<p>TEMPO DE MANDATO: 03 anos, 00 m&ecirc;s e 00 dia</p>\r\n<p>1) &agrave; Vereador Adil Carlos de Souza - UDN;</p>\r\n<p>2) &agrave; Vereador Gediel Leit&atilde;o de Melo - PSD;</p>\r\n<p>3) &agrave; Vereador Inoc&ecirc;ncio Leoc&aacute;dio da Rosa - PDS;</p>\r\n<p>4) &agrave; Vereador Manoel Alves de Morais J&uacute;nior - UDN;</p>\r\n<p>5) &agrave; Vereador Manoel Alves Nogueira - PDS;</p>\r\n<p>6) &agrave; Vereador Naor da Cruz Bandeira - PSD;</p>\r\n<p>7) &agrave; Vereador Raul Benevides Sant&acute;Anna - UDN.</p>\r\n<p>HOUVE SUPLENTES? ( x ) SIM &nbsp; ( ) N&Atilde;O:</p>\r\n<p>QUAIS E POR QUE MOTIVO(S)? &agrave; O suplente, vereador Gumercindo Cardeal de Souza, assumiu em substitui&ccedil;&atilde;o ao vereador Inoc&ecirc;ncio Leoc&aacute;dio da Rosa.</p>\r\n<p>MESA DIRETORA: Presidente:</p>\r\n<p>Vice-Presidente:</p>\r\n<p>Primeiro-Secret&aacute;rio:</p>\r\n<p>Segundo-Secret&aacute;rio:</p>\r\n<p>&nbsp;</p>\r\n<p><strong>ELEI&Ccedil;&Atilde;O DE 03/10/1962</strong></p>\r\n<p><strong>PER&Iacute;ODO: 31/01/1963 a 31/01/1966</strong></p>\r\n<p><strong>PREFEITO: Sylvio Ferreira</strong></p>\r\n<p><strong>VICE-PREFEITO: Salviano Mendes</strong></p>\r\n<p>&nbsp;</p>\r\n<p>&nbsp;</p>');
INSERT INTO `texto_fixo` (`id`, `chave`, `texto`) VALUES
(3, 'localizacao', '<p>R. Jo&atilde;o Pessoa, 130 - Centro, Coxim - MS, 79400-000, Brasil</p><br/>\r\n\r\n<p><iframe frameborder=\"0\" height=\"300\" scrolling=\"no\" src=\"https://maps.google.com.br/maps?ie=UTF8&amp;q=C%C3%A2mara+Municipal+de+Coxim&amp;fb=1&amp;gl=br&amp;hq=camara+municipal+de&amp;hnear=0x937e34fdfba06b0f:0x8dfa2fa63bac10cc,Coxim+-+MS&amp;cid=0,0,10098732351167672252&amp;t=m&amp;layer=c&amp;cbll=-18.505339,-54.760432&amp;panoid=pocVfS5HqwhRYloIpyY3CQ&amp;cbp=13,293.13,,0,-2.46&amp;source=embed&amp;ll=-18.507157,-54.76043&amp;spn=0.006389,0.013518&amp;z=16&amp;output=svembed\" width=\"100%\"></iframe></p>\r\n<br/>\r\n<p><a href=\"https://maps.google.com.br/maps?ie=UTF8&amp;q=C%C3%A2mara+Municipal+de+Coxim&amp;fb=1&amp;gl=br&amp;hq=camara+municipal+de&amp;hnear=0x937e34fdfba06b0f:0x8dfa2fa63bac10cc,Coxim+-+MS&amp;cid=0,0,10098732351167672252&amp;t=m&amp;layer=c&amp;cbll=-18.505339,-54.760432&amp;panoid=pocVfS5HqwhRYloIpyY3CQ&amp;cbp=13,293.13,,0,-2.46&amp;source=embed&amp;ll=-18.507157,-54.76043&amp;spn=0.006389,0.013518&amp;z=16\"><iframe frameborder=\"0\" height=\"350\" scrolling=\"no\" src=\"https://maps.google.com.br/maps?ie=UTF8&amp;q=C%C3%A2mara+Municipal+de+Coxim&amp;fb=1&amp;gl=br&amp;hq=camara+municipal+de&amp;hnear=0x937e34fdfba06b0f:0x8dfa2fa63bac10cc,Coxim+-+MS&amp;cid=0,0,10098732351167672252&amp;t=m&amp;ll=-18.505311,-54.760666&amp;spn=0.007122,0.013733&amp;z=16&amp;iwloc=A&amp;output=embed\" width=\"100%\"></iframe></a></p> </div>  '),
(4, 'missao', '<p>&nbsp;</p>\r\n<p><strong>MISS&Atilde;O: </strong>Fiscalizar o Poder Executivo e a presta&ccedil;&atilde;o dos servi&ccedil;os p&uacute;blicos, legislando com &eacute;tica, respeito, efici&ecirc;ncia, transpar&ecirc;ncia de forma integrada com a popula&ccedil;&atilde;o visando a melhoria da qualidade de vida dos moradores do munic&iacute;pio de Coxim-MS.</p>\r\n<p>&nbsp;</p>\r\n<p><strong>VIS&Atilde;O:</strong>&nbsp;Ser vigilante nos anseios da popula&ccedil;&atilde;o sendo refer&ecirc;ncia inovadora em gest&atilde;o legislativa e fiscaliza&ccedil;&atilde;o, com a participa&ccedil;&atilde;o direta da popula&ccedil;&atilde;o, valorizando seus servidores, tomando a C&acirc;mara o centro dos debates do interesse do munic&iacute;pio.</p>\r\n<p>&nbsp;</p>\r\n<p><strong>VALORES:</strong>&nbsp;Comprometimento; &Eacute;tica; Independ&ecirc;ncia; Legalidade; Efici&ecirc;ncia; Inova&ccedil;&atilde;o; Transpar&ecirc;ncia; Respeito ao Er&aacute;rio.</p>\r\n<p>&nbsp;</p>\r\n<p>&nbsp;</p>'),
(6, 'comissoes', '<p>\r\n\r\n</p><p><strong>COMISSÃO DE CONSTITUIÇÃO, LEGISLAÇÃO E REDAÇÃO:</strong></p><p><strong>&nbsp;</strong></p><p>Vereador Abílio Vaneli - Presidente </p><p>Vereadora Lucia da AAVC - Vice-Presidente </p><p>Vereadora Dinalva Mourão - Membro </p><p>Veredaor Odes da Silva - Suplente</p><p>&nbsp;</p><p><strong>COMISSÃO DE FINANÇAS, ORÇAMENTO E FISCALIZAÇÃ FINANCEIRA: </strong></p><p>&nbsp;</p><p>Vereador Adelson Janúncio - Presidente </p><p>Vereador Odes da Silva &nbsp;- Vice-Presidente </p><p>Vereador Amoacir Alexandre (Kelé) - Membro </p><p>Vereador Sinval Batista &nbsp;- Suplente</p><p>&nbsp;</p><p><strong>COMISSÃO DE OBRAS E SERVIÇOS PÚBLICOS:</strong>&nbsp;</p><p>&nbsp;</p><p>Vereador Amoacir Alexandre - Presidente </p><p>Vereador Careca da Iluminação - Vice-Presidente </p><p>Vereador Abilio Vaneli - Membro </p><p>Vereadora Dinalva Mourão - Suplente</p><p>&nbsp;</p><p><strong>COMISSÃO DE DEFESA DO CONSUMIDOR, MEIO AMBIENTE E DE ORDEM SOCIAL: </strong></p><p>&nbsp;</p><p>Vereador Mecias Alves - Presidente </p><p>Vereador Vilmar Vendrúsculo - Vice-Presidente </p><p>Vereador Marquinho Vaz - Membro </p><p>Vereador Adelson Janúncio - Suplente</p><p>&nbsp;</p><p><strong>COMISSÃO DE DEFESA DA MULHER, CRIANÇA, ADOLESCENTE E IDOSO:</strong></p><p>&nbsp;</p><p>Vereadora Lucia da AAVC - Presidente</p><p>Vereadora Dinalva Mourão - Vice-Presidente</p><p>Vereador Amoacir Alexandre - Membro</p><p>Vereador mecias Alves - Suplente</p>\r\n\r\n<br><p></p>'),
(7, 'mesadiretora', '<p>\r\n\r\n</p><p><strong>Presidente</strong></p><p>Vladimir Ferreira (PT)</p><p>&nbsp;</p><p><strong>Vice-presidente</strong></p><p>Carlos Oliveira de Rezende</p><p>&nbsp;</p><p><strong>1º Secretário</strong></p><p>Edmir Cândido Pereira</p><p>&nbsp;</p><p><strong>2º Secretário</strong></p><p>Marquinhos Vaz</p>\r\n\r\n<br><p></p>'),
(8, 'conhecacoxim', '<p>\r\n\r\n<b>História<br><br></b></p><p>Os irmãos Lemes, fugidos de São Paulo em 1719, chega­ram à região denominada hoje Cuiabá, via Camapuã - Coxim. A região começou a tornar-se mais conhecida quando, em 1722, por aqui pas­sou Dom Rodrigo César de Menezes, na época governador da capitania de São Paulo que, aqui chegando, em 4 de março de 1727, assinou a concessão de três sesmarias nos sertões do Taquari, sendo a primeira a favor de João de Araújo Cabral; a segunda em 4 de abril, no Rio Taquari a favor do Sargento-Mor Manoel Lopes do Prado e, a terceira, ainda no Rio Taquari, em 31 de dezembro, a favor de Domingos Gomes Biliago.</p><p>Em 1729, Domingos Gomes Biliago uniu-se a Antônio de Sousa Bastos, Manoel Caetano e os Padres Antônio de Morais e José Frias e, à margem esquerda do Rio Taquari, fun­daram o Arraial do Biliago, onde atualmente, na margem oposta (direita), se situa Coxim, cuja finalidade era o de socorrer as monções que iam de São Paulo até Cuiabá.</p><p>O arraial foi elevado à Freguesia em 1850, quando foi criado o Des­tacamento Militar do Piquiri, sendo Biliago incluído dentro dos seus limites.</p><p>Às margens de um rio navegável e com a estrada que ligava ao interior de Goiás, o arraial foi se desenvolvendo e em 1862, passou a ser chamado, Núcleo do Taquari com criação no lugar, de uma Colônia Militar, pelo Governador da Província, Herculano Ferreira Penna.</p><p>Em abril de 1865, o Núcleo é povoado por forças invasoras paraguaias, tendo seu comandante, Capitão Antônio Pedro, se retirado do povoado com 125 pessoas em direção ao norte do Estado. Em 8 de maio de 1866, a notícia da ocupação chegou à Cuiabá por Antônio Teodoro de Carvalho, morador na fazenda São Pe­dro, a oito léguas do Núcleo. Segundo um ofício do Capitão Antô­nio Pedro ao Presidente da Província, datado de 15 de maio de 1866, as forças invasoras que ocuparam o Núcleo compunham de 400 a 500 homens, com dois canhões que saquearam e incendiaram o povoado, abandonando-o depois de seis dias de ocupação.</p><p>Em 1872, o Núcleo foi elevado à categoria de Freguesia com a denominação de São José de Herculânia, em homenagem ao pre­sidente Herculano Ferreira Penna. Em 1892, a Assembléia Legislativa apresentou ao presi­dente do Estado, uma Lei mudando o nome de Herculânia para Coxim que, acabou sendo vetada pelo Dr. Manoel José Murti­nho.</p><p>O distrito foi criado em 6 de novembro de 1872 pela Lei n.° 1 e, finalmente em 11 de abril de 1898, pela resolução n.° 202, a localidade é elevada a categoria de vila e município, substituiu-lhe finalmente Herculânia por Coxim, restituindo em 1944, pelo Interventor Júlio Müller. Em 1913, Coxim foi elevada à categoria de Comarca, sendo presidido pelo Juiz Amâncio Ramos, conservando-se o nome e os mesmos limites.</p><p>De 1916 a 1926, houve um período de turbulências, crimes e desgraças, com um maníaco subindo ao Poder, causando estrago na Comarca. Houve até a extinção da Comarca que, posteriormente foi restabelecida.</p>Em 11 de outubro de 1977, o presidente Ernesto Geisel assinou a Lei Complementar nº 31, que criou o Estado de Mato Grosso do Sul, e Coxim passa a fazer parte do novo Estado. Com a criação dos municípios de Camapuã, Rio Verde de Mato Grosso, Pedro Gomes e Alcinópolis, Coxim perdeu parte do seu grande território.<b><br><br>Dados Gerais<br><br></b><b>Coxim</b>&nbsp;- Mato Grosso do Sul<br><b>Data de Fundação:</b>&nbsp;11 de abril de 1898<b><br>Gentílico:</b>&nbsp; Coxinense<br><b>População:</b>&nbsp; 32.159 habitantes<br><b>População urbana:</b>&nbsp;29.145 (90,6%)<br><b>População rural:</b>&nbsp;3.014 (9,4%)<b><br>Área (em km²):</b>&nbsp;6.409 km²<b><br>Densidade Demográfica (habitantes por km²):</b>&nbsp;5,02 hab/km²<br><br>Os dados são de acordo com o último IBGE (Instituo Brasileiro de Geografia e Estatística), realizado em 2010.<b><br><br>Dados econômicos e sociais<br><br></b><b>Produto Interno Bruto (PIB):</b><b>&nbsp;</b>aproximadamente R$ 475 milhões<b><br>Principais Atividades Econômicas</b>: agropecuária, pecuária e turismo<br><br>Os dados são de acordo com o último IBGE (Instituo Brasileiro de Geografia e Estatística), realizado em 2010.<b><br><br>Pontos turísticos<br><br></b>Baías do Barranco Vermelho e Beira Alta<br>Cachoeira das Palmeiras<br>Cachoeira do Salto<br>Morro do Cristo Redentor<br>Museu Arqueológico Histórico de Coxim<br>Pé de Cedro<br>Trilhas Ecológicas da Serra das Araras e do Pantanal<br>Usina do Salto<b><br><br>Geografia<br><br></b><b>Localização:</b><b>&nbsp;</b>o município de Coxim está situado no sul da região Centro Oeste do Brasil, no norte de Mato Grosso do Sul<b><br>Vegetação:</b>&nbsp;cerrado<b><br>Clima</b><b>:</b>&nbsp;tropical AW<b><br>Temperatura média anual</b><b>:</b>&nbsp;35ºC<b><br>Altitude (em metros):</b>&nbsp;312 metros<b><br>Índice Pluviométrico</b><b>:</b>&nbsp;varia de 1.000 a 1.500mm anuais<b><br>Hidrografia:</b>&nbsp;está sob influência da Bacia do Rio da prata e os principais cursos d água no município são os rios Coxim; Jauru; Piquiri; e Taquari<b><br>Distritos:</b>&nbsp;Jauru; São Ramão; Silviolândia; e Taquari<br><br><b>Prefeitos</b><br><br>Aluizio Cometki de São José (PSB) 2013 a 2016<br>Dinalva Mourão (PMDB) 2009 a 2012<br>Moacir Kohl (PDT) 2005 a 2008<br>Junior Mochi (PMDB) 2001 a 2004<br>Junior Mochi (PMDB) 1997 a 2000<br>Moacir Kohl (PMDB) 1993 a 1996<br>Flávio Garcia da Silveira Neto - 1989 a1992<br>José Raimundo dos Santos - 1983 a 1988<br>Franklin Rodrigues Masrhua - 1977 a 1982<br>Salviano Mendes Fontoura - 1973 a 1976<br>Laurentino Garcia Góes - 1970 a 1972<br>Hervê Mendes Fontoura - 1967 a 1970<br>Salviano Mendes Fontoura - 1964 a 1967<br>Silvio Ferreira - 1963 a 1964<br>Alaor Garcia da Silveira - 1960 a 1963<br>Silvio Ferreira - 1955 a 1959<br>Mário Bacha - 1951 a 1955<br>Propício Rodrigues da Luz - 1951 a 1951<br>Manoel Lino D\\\'ávila - 1951 a 1951<br>Alaor Garcia da Silveira - 1947 a 1951<br>Viriato da Cruz Bandeira - 1945 a 1947<br>Dr. Wlademir Neves - 1945 a 1945<br>Viriato da Cruz Bandeira - 1939 a 1945<br>Themistócles de O. Filho - 1938 a 1939<br>Eugênio Siravegna - 1938 a 1938<br>João Ferreira Albuquerque - 1937 a 1938<br>José Leandro T. de Oliveira - 1936 a 1937<br>Viriato da Cruz Bandeira - 1935 a 1936<br>Eugênio Siravegna - 1934 a 1935<br>Jorge Adalberto Castilho - 1932 a 1934<br>Sabino José da Costa - 1930 a 1932<br>Antonio Reis Coelho - 1927 a 1929<br>João Ferreira Albuquerque - 1924 a 1926<br>Antonio Reis Coelho - 1921 a 1923<br>Francisco Garcia da Silveira - 1918 a 1920<br>Antonio João de A. Ferreira - 1915 a 1918<br>Pedro Severo dos Santos - 1912 a 1914<br>Eduardo José Siravegna - 1909 a 1911<br>Evaristo de Albuquerque - 1906 a 1908<br>Domingos Ribeiro Guimarães - 1903 a 1905<br>João Batista S. Albuquerque - 1900 a 1902<br><br>Fonte: Raízes de Coxim - João Ferreira Neto<br><br><b>Telefones Úteis</b><br><br>Prefeitura Municipal de Coxim - (67) 3291.1163<br>Secretaria Municipal de Assistência Social - (67) 3291.1076<br>Secretaria Municipal de Educação - (67) 3291.1162<br>Secretaria Municipal de Obras - (67) 3291.1582<br>Secretaria Municipal de Saúde - (67) 3291.3131<br>Conselho Tutelar - (67) 3291.2292<br>Enersul - (67) 3291.2416<br>Fórum - (67) 3291.1377<br>Hospital Regional - (67) 3291.1250<br>Procon - (67) 3291.2650<br>Sanesul - (67) 3291.1663<br>47º Batalhão de Infantaria de Coxim - (67) 3291.9300<br><br><b>Telefones de Emergência</b><br><br>Corpo de Bombeiros - 193 ou (67) 3291.6002<br>Polícia Ambiental - (67) 3291.1033<br>Polícia Civil - 197 ou (67) 3291.1463<br>Polícia Militar - 190 ou (67) 3908.6037<br>Polícia Rodoviária Federal/Coxim - 191 ou (67) 3291.2279\r\n\r\n<br><p></p>'),
(9, 'teluteis', '<p>\r\n\r\n<b>Telefones Úteis&nbsp;</b><br><br>Prefeitura Municipal de Coxim - (67) 3291.1163<br>Secretaria Municipal de Assistência Social - (67) 3291.1076<br>Secretaria Municipal de Educação - (67) 3291.1162<br>Secretaria Municipal de Obras - (67) 3291.1582<br>Secretaria Municipal de Saúde - (67) 3291.3131<br>Conselho Tutelar - (67) 3291.2292<br>Enersul - (67) 3291.2416<br>Fórum - (67) 3291.1377<br>Hospital Regional - (67) 3291.1250<br>Procon - (67) 3291.2650<br>Sanesul - (67) 3291.1663<br>47º Batalhão de Infantaria de Coxim - (67) 3291.9300<br><br><b>Telefones de Emergência</b><br><br>Corpo de Bombeiros - 193 ou (67) 3291.6002<br>Polícia Ambiental - (67) 3291.1033<br>Polícia Civil - 197 ou (67) 3291.1463<br>Polícia Militar - 190 ou (67) 3908.6037<br>Polícia Rodoviária Federal/Coxim - 191 ou (67) 3291.2279\r\n\r\n<br></p>');

-- --------------------------------------------------------

--
-- Estrutura para tabela `users`
--

CREATE TABLE `users` (
  `id` int(11) NOT NULL,
  `name` varchar(100) DEFAULT NULL,
  `email` varchar(100) NOT NULL,
  `password` varchar(100) NOT NULL,
  `remember_token` varchar(100) DEFAULT NULL,
  `admin` tinyint(1) NOT NULL DEFAULT '0'
) ENGINE=InnoDB DEFAULT CHARSET=utf8;

--
-- Despejando dados para a tabela `users`
--

INSERT INTO `users` (`id`, `name`, `email`, `password`, `remember_token`, `admin`) VALUES
(1, 'Rafael  M. Custódio Dias', 'rafamcd@inteco.com.br', '$2y$10$S/CAaufyZSk7rjOIdbKD1uxi.X8XENcjaCgsYWsbwjWpRU23nXXa2', '2gy3Ptc8zICgIKEnDOlNGfMyw8jpmr0YB0vXtK8tSY65j765k6zkOxVMVoaR', 1),
(2, 'Paulo Testador', 'paulo@teste.com', '$2y$10$yrVESkhNVdKch6NBGzOkQe0yievPmk34hmBx9wvKZYgLPjv6TDTLu', NULL, 0);

-- --------------------------------------------------------

--
-- Estrutura para tabela `vereador`
--

CREATE TABLE `vereador` (
  `id` int(11) NOT NULL,
  `nome` varchar(100) NOT NULL,
  `data_nascimento` date NOT NULL,
  `partido` varchar(100) NOT NULL,
  `qtd_votos` int(11) NOT NULL,
  `imagem` varchar(100) DEFAULT NULL,
  `texto` text NOT NULL
) ENGINE=InnoDB DEFAULT CHARSET=utf8;

--
-- Despejando dados para a tabela `vereador`
--

INSERT INTO `vereador` (`id`, `nome`, `data_nascimento`, `partido`, `qtd_votos`, `imagem`, `texto`) VALUES
(6, 'Adelson Januncio de Lima', '1954-09-15', 'PTB', 0, 'b74d51839f16280a115c18522047a2e6.jpg', '<p>\r\n\r\n</p><p><b>Adelson Januncio de Lima</b> (PTB) está em seu segundo mandato como vereador na cidade de Coxim (MS). Nas últimas eleições o parlamentar ficou na vaga de suplente da coligação, assumindo então a posição de vereador em 06 de março de 2018, após a saída de Franciel Oliveira.</p><p>Nascido em 15/09/1954, em Catolé da Rocha (PB), Adelson chegou em Mato Grosso do Sul ainda criança no ano de 1964. Ele residiu em Pedro Gomes até março de 1972, quando se mudou para Coxim.</p><p>Funcionário público estadual , lotado na Secretaria de Estado de Educação, Adelson exerce o cargo de assistente educacional. Residente no bairro Senhor Divino, casado com Rosalina Ribeiro Rosa, com quem tem três filhos e três netos.</p><p></p><p>Com o lema de ajudar a quem mais precisa, Adelson tem pautado seu mandato no desenvolvimento da cidade em prol principalmente das comunidades menos favorecidas. </p>\r\n\r\n<br><p></p>'),
(7, 'Amoacir Alexandre', '0000-00-00', 'PMDB', 496, '118b44526a6c8b7c36e04e9544307f48.jpg', '<p>\r\n\r\n</p><p>Amoacir Alexandre, popularmente conhecido como Kelé. Iniciou a vida política como Vereador no ano de 1983 aos 34 anos de idade, pelo partido PDS.</p><div>Casado com Severina Maria Alexandre e pai de 1 casal de filhos.</div><div>Hoje o Vereador Kelé está em seu 7º mandato pelo PMDB eleito com 496 votos.</div>\r\n\r\n<br><p></p>'),
(8, 'Dinalva Garcia Lemos Morais Mourão', '1957-08-26', 'PSDB', 655, '56d9ff3f4cd7dae8347fdf3583ed152e.jpg', '<p>\r\n\r\n<b>Dinalva Garcia Lemos De Morais Mourão,</b>&nbsp;vereadora no município de Coxim/MS, e concorreu pelo partido PSDB com o número 45606 e com o nome de urna DINALVA MOURÃO foi eleita com 655 votos. O partido de Dinalva Mourão participou da coligação JUNTOS FAREMOS MAIS 2 que foi formada pelos partidos PMDB / PSDB / PTN / PSL, para as disputas eleitorais.. Dinalva Mourão tem por grau de instrução &nbsp;superior completo, ocupação&nbsp; <b>Advogada</b>. É natural de Coxim/MS, e sua nacionalidade é brasileira. Ela nasceu em 26/08/1957.\r\n\r\n<br></p>'),
(9, 'Edmir Cândido Pereira', '1956-01-21', 'PMDB', 0, '07dd91fcee429b50928c3c161d535e67.jpg', '<p>\r\n\r\n</p><p>Edmir Cândido Pereira, nascido em 21 de janeiro de 1956, na cidade de Bandeirantes/MS, filho de José Cândido da Silva e Aurides Pereira da Silva, divorciado, radialista, pai de 05 filhos, avô de 05 netos.</p><p>Foi eleito em 2016 a vereador da cidade de Coxim pelo partido PMDB. Tendo o seu gabinete externo na Rua Airton Senna, nº 115 B, Cohab Senhor Divino.</p><p>Esta na vida pública desde 1982, exercendo o sexto mandato como vereador.</p>\r\n\r\n<br><p></p>'),
(10, 'Lucia da AAVC', '0000-00-00', 'PR', 510, 'cedbb5cb3263d913437c876925c6bb9a.jpg', '<p>\r\n\r\nLúcia da AAVC, natural de Campo Grande-MS, porém criada na cidade de Coxim-MS desde criança. Formou-se em Pedagogia, é casada com Major Célio, e mãe de dois filhos e uma filha. Empreendedora Social por vocação sempre lutando pelas causas sociais, tanto que fundou uma Associação e construiu sua Sede própria.</p><p>Vereadora reeleita pelo povo com 510 votos vem demonstrando em sua vereança Legislativa um mandato com principio ético de transparência á população coxinense, destacando-se, também pelas constantes aquisições de emendas parlamentares em prol da população coxinense bem como, fiscalizações dos atos públicos de nossa Cidade.</p>\r\n\r\n<br><p></p>'),
(11, 'Lucimar Barbosa de Oliveira', '1983-03-09', 'PRB', 354, 'aaa0dc18a2ecc8e3f07ea05f30f681e3.jpg', '<p>\r\n\r\n</p><p>Careca Da Iluminação.</p><p>Lucimar Barbosa de Oliveira, apelido careca, natural de Coxim-MS, nascido em 09 de março de 1983. Filho de Osvaldo Aparecido de Oliveira (In memoria), e Josefa Barbosa de Oliveira, casado com Pollyanna Neri Payá, pai de Arthur Payá de Oliveira.<br></p>\r\n\r\n<br><p></p>'),
(12, 'Marcos Ferreira Vaz', '1980-06-17', 'PPS', 0, '11542af6085e815693ff1b1619ce21f5.jpg', '<p>\r\n\r\n</p><p><b>Marcos Ferreira Vaz</b> (PPS), mais conhecido como Marquinhos Vaz, está em seu primeiro mandato como vereador e 2º secretário na Câmara Municipal de Coxim. É radialista na Band FM e Natureza FM, casado com Jonair Farias de Souza e pai de 5 filhos (Marcos Guilherme, Raphaela, Kawan, Bianca e Isaac).</p><p><br></p><p>Nascido em 17/06/1980 em Coxim (MS), Marquinhos cresceu às margens do Rio Taquari no bairro Piracema. O parlamentar tem se pautado por um mandato dinâmico, interativo, com foco no fortalecimento da comunidade e do município.<br></p>\r\n\r\n<br><p></p>'),
(13, 'Mecias Souza Alves', '1967-01-08', 'PEN', 0, '155ed780041b5e24ed228d49a8335548.jpg', '<p>\r\n\r\n<b></b><b>Mecias Souza Alves</b>, natural de Peabirú-PR, nascido no dia 08 de Janeiro de 1967. Filho de Elza de Souza e João Alves, casado com Cristiane Salomão, pai de 3 filhos. Formado em Administração de Empresas e trabalha como Servidor Publico Municipal no Procon ha 16 anos. Reside em Coxim-MS à 29 anos, onde hoje atua como vereador deste município.\r\n<b></b>\r\n<br></p>'),
(14, 'Ódes da Silva', '1970-04-24', 'PP', 0, '0dc69a73bdce59bb429dbfae779de7a1.jpg', '<p>\r\n\r\n</p><p>Ódes da Silva nascido no dia 24 de abril de 1970 na cidade de Coxim, filho de Neusa Vicente da Silva e Benizo da Silva. Casado com Francisca Conceição da Silva, pai de três filhos, &nbsp;Ódila Marcela Gonçalves, Rosane Neusa da Silva e Ódes da Silva Junior. Foi eleito em 2016 &nbsp;vereador da cidade de Coxim pelo partido PP(Partido Progressista), partido na qual é presidente no Município.</p><p>Email: odesvereador2017@hotmail.com</p>\r\n\r\n<br><p></p>'),
(15, 'Valcide Batista dos Santos', '0000-00-00', 'PSDB', 515, '42c19a679f47540bdc3dcfbfdf8e0ef8.jpg', '<p>\r\n\r\n</p><p>Valcide Batista dos Santos (Sinval Batista), funcionário público municipal, nascido em Bocaiuva - MG &nbsp;no &nbsp;dia 04/04/1958. Eleito em 2016 com&nbsp; 515 votos, pelo partido PSDB.</p>\r\n\r\n<br><p></p>'),
(16, 'Vilmar Vendrúscolo', '1962-11-01', 'PTB', 405, '5d1f622eff96934972f398f79ca0bcf1.jpg', '<p>\r\n\r\n</p><div><b>Vilmar Vendrúscolo</b>, (PTB) está em seu segundo mandato como vereador na Câmara Municipal de Coxim. Nas eleições de 2012 foi eleito com 600 votos, e em 2016 obteve 405 votos ficando o que o levou a suplente, até assumir a novamente a vaga de vereador em 17 de março de 2018, após a saída de Carlos Oliveira de Rezende. </div><div><br></div><div>Nascido em 01/11/1962, e natural de Frederico Westphalem (RS), Vilmar se mudou para Coxim ainda criança no ano de 1976. Mais tarde casou-se com dona Sirlei e comprou seu primeiro pedaço de terra na Colônia Santa Bárbara. </div><div><br></div><div>O casal firmou raízes na Colônia Taquari, aonde Vilmar chegou a o ocupar o cargo de presidente da comunidade vivendo da agricultura como produtor rural. </div><div><br></div><div>Seu mandato é pautado para os trabalhos e trabalhadores do campo, principalmente para os pequenos produtores rurais, trazendo vários benefícios e projetos para essa área.</div><br>\r\n\r\n<br><p></p>'),
(17, 'Vladimir Ferreira', '1976-11-25', 'PT', 426, '93dfb99e1e53125ada195c3c2c52eedf.jpg', '<p>\r\n\r\n</p><div>Vladimir da Silva Ferreira, nasceu em 25 de novembro de 1976, em Coxim (MS), dedica-se a vida pública desde 1994, quando filiou-se ao PT (Partido dos Trabalhadores), partido do qual é membro da direção estadual e, foi presidente do Diretório Municipal entre os anos de 1999 a 2008. Vladimir é formado em História e cumpre o terceiro mandado consecutivo como vereador.</div><div><strong></strong><strong>vladimir.f@hotmail.com</strong></div>\r\n\r\n<br><p></p>'),
(18, 'Abilio Junior Vaneli', '1981-08-28', 'PT', 520, '36e7713a7f855ed4ef1d0c47b31c6bec.jpg', '<p>&nbsp;</p>\r\n<p><strong>Abilio Junior Vaneli</strong>, natural de Coxim (MS), nascido em 29/08/1981, &eacute; filiado ao Partido dos Trabalhadores, foi presidente do Diret&oacute;rio Municipal do PT de Coxim, mandato 2008/2010 e reeleito para o mandato seguinte 2010/2013, Bacharel em Direito pela Uniderp (<em>campus</em>&nbsp;de Rio Verde de MT/MS), advogado militante nas &aacute;reas c&iacute;vel, criminal e previdenci&aacute;ria, foi Secret&aacute;rio Geral (2012/2015) da 9.&ordf; Subse&ccedil;&atilde;o da OAB de Coxim (MS) e foi eleito vereador nas elei&ccedil;&otilde;es 2016 pela Coliga&ccedil;&atilde;o Juntos Faremos mais 1 (PSB/PTB/PT/PEN/PMN/PTC/PSC), com 520 votos, &eacute; presidente da Comiss&atilde;o de Constitui&ccedil;&atilde;o Legisla&ccedil;&atilde;o e Reda&ccedil;&atilde;o da C&acirc;mara Municipal de Coxim - CONRED (2017/2018 e reeleito para 2019/2020).</p>\r\n<p>Gabinete Sala 18.</p>\r\n<p>Email: abilio.vaneli@gmail.com</p>\r\n<p>&nbsp;</p>\r\n<p>&nbsp;</p>');

--
-- Índices de tabelas apagadas
--

--
-- Índices de tabela `config`
--
ALTER TABLE `config`
  ADD PRIMARY KEY (`id`);

--
-- Índices de tabela `evento`
--
ALTER TABLE `evento`
  ADD PRIMARY KEY (`id`);

--
-- Índices de tabela `evento_imgs`
--
ALTER TABLE `evento_imgs`
  ADD PRIMARY KEY (`id`);

--
-- Índices de tabela `noticia`
--
ALTER TABLE `noticia`
  ADD PRIMARY KEY (`id`);

--
-- Índices de tabela `noticia_categoria`
--
ALTER TABLE `noticia_categoria`
  ADD PRIMARY KEY (`id`);

--
-- Índices de tabela `noticia_imagens`
--
ALTER TABLE `noticia_imagens`
  ADD PRIMARY KEY (`id`);

--
-- Índices de tabela `noticia_vereador`
--
ALTER TABLE `noticia_vereador`
  ADD PRIMARY KEY (`id`);

--
-- Índices de tabela `pdf_categoria`
--
ALTER TABLE `pdf_categoria`
  ADD PRIMARY KEY (`id`);

--
-- Índices de tabela `pdf_registro`
--
ALTER TABLE `pdf_registro`
  ADD PRIMARY KEY (`id`);

--
-- Índices de tabela `texto_fixo`
--
ALTER TABLE `texto_fixo`
  ADD PRIMARY KEY (`id`);

--
-- Índices de tabela `users`
--
ALTER TABLE `users`
  ADD PRIMARY KEY (`id`);

--
-- Índices de tabela `vereador`
--
ALTER TABLE `vereador`
  ADD PRIMARY KEY (`id`);

--
-- AUTO_INCREMENT de tabelas apagadas
--

--
-- AUTO_INCREMENT de tabela `config`
--
ALTER TABLE `config`
  MODIFY `id` int(11) NOT NULL AUTO_INCREMENT, AUTO_INCREMENT=2;

--
-- AUTO_INCREMENT de tabela `evento`
--
ALTER TABLE `evento`
  MODIFY `id` int(11) NOT NULL AUTO_INCREMENT, AUTO_INCREMENT=9;

--
-- AUTO_INCREMENT de tabela `evento_imgs`
--
ALTER TABLE `evento_imgs`
  MODIFY `id` int(11) NOT NULL AUTO_INCREMENT, AUTO_INCREMENT=83;

--
-- AUTO_INCREMENT de tabela `noticia`
--
ALTER TABLE `noticia`
  MODIFY `id` int(11) NOT NULL AUTO_INCREMENT, AUTO_INCREMENT=20;

--
-- AUTO_INCREMENT de tabela `noticia_categoria`
--
ALTER TABLE `noticia_categoria`
  MODIFY `id` int(11) NOT NULL AUTO_INCREMENT, AUTO_INCREMENT=11;

--
-- AUTO_INCREMENT de tabela `noticia_imagens`
--
ALTER TABLE `noticia_imagens`
  MODIFY `id` int(11) NOT NULL AUTO_INCREMENT, AUTO_INCREMENT=10;

--
-- AUTO_INCREMENT de tabela `noticia_vereador`
--
ALTER TABLE `noticia_vereador`
  MODIFY `id` int(11) NOT NULL AUTO_INCREMENT, AUTO_INCREMENT=33;

--
-- AUTO_INCREMENT de tabela `pdf_categoria`
--
ALTER TABLE `pdf_categoria`
  MODIFY `id` int(11) NOT NULL AUTO_INCREMENT, AUTO_INCREMENT=15;

--
-- AUTO_INCREMENT de tabela `pdf_registro`
--
ALTER TABLE `pdf_registro`
  MODIFY `id` int(11) NOT NULL AUTO_INCREMENT, AUTO_INCREMENT=6;

--
-- AUTO_INCREMENT de tabela `texto_fixo`
--
ALTER TABLE `texto_fixo`
  MODIFY `id` int(11) NOT NULL AUTO_INCREMENT, AUTO_INCREMENT=10;

--
-- AUTO_INCREMENT de tabela `users`
--
ALTER TABLE `users`
  MODIFY `id` int(11) NOT NULL AUTO_INCREMENT, AUTO_INCREMENT=3;

--
-- AUTO_INCREMENT de tabela `vereador`
--
ALTER TABLE `vereador`
  MODIFY `id` int(11) NOT NULL AUTO_INCREMENT, AUTO_INCREMENT=19;
COMMIT;

/*!40101 SET CHARACTER_SET_CLIENT=@OLD_CHARACTER_SET_CLIENT */;
/*!40101 SET CHARACTER_SET_RESULTS=@OLD_CHARACTER_SET_RESULTS */;
/*!40101 SET COLLATION_CONNECTION=@OLD_COLLATION_CONNECTION */;
